ID,Name,Pos,Age,Team,Org,League_Level,VOS_Score,VOS_Potential,Batting_Score,Batting_Potential,Defense_Score,Baserunning_Score,Pitching_Ability_Score,Pitching_Ability_Potential,Pitching_Arsenal_Score,Development_Adj,Age_Adj,Personality_Adj,Draft_Age_Adj,Draft_RP_Penalty,Park_Name,Park_Applied,C_Score,1B_Score,2B_Score,3B_Score,SS_Score,LF_Score,CF_Score,RF_Score,DH_Score,Ideal_Position,Ideal_Value
56522,Lawrence Adronyk,RP,22.0,,,,33.21,37.31,,,,,27.5,38.25,41.28,0.0,0.0,0.5,1.5,-2.0,N/A,False,,,,,,,,,,RP,30.94
56563,Mike Hewes,SP,22.0,,,,33.88,41.37,,,,,30.75,45.25,41.2,0.25,0.0,3.0,1.5,0.0,N/A,False,,,,,,,,,,SP,27.84
56564,Danny Maggard,2B,22.0,,,,37.02,41.62,25.25,37.75,46.5,45.5,,,,0.0,0.0,0.0,1.5,0.0,N/A,False,,28.34,37.06,,,,,,25.25,2B,37.06
56576,Eric Martin,SP,21.0,,,,31.25,35.51,,,,,22.0,35.75,42.43,0.0,0.0,-2.0,0.9,0.0,N/A,False,,,,,,,,,,SP,26.09
56594,David Arroyo,RP,22.0,,,,35.63,38.96,,,,,34.5,41.25,43.33,0.0,0.0,0.0,1.5,-2.0,N/A,False,,,,,,,,,,RP,36.71
56598,Alpha Ndoye,RP,21.0,,,,32.31,35.19,,,,,26.0,35.25,48.15,0.0,0.0,-2.0,0.9,-2.0,N/A,False,,,,,,,,,,RP,31.54
56604,Donny Schmit,SP,22.0,,,,32.41,33.61,,,,,28.75,32.75,38.7,0.0,0.0,-3.5,1.5,0.0,N/A,False,,,,,,,,,,SP,30.74
56635,Josh Fanzo,RP,22.0,,,,35.93,39.41,,,,,29.0,35.75,60.02,0.0,0.0,0.5,1.5,-2.0,N/A,False,,,,,,,,,,RP,36.76
56638,Jim Norman,SP,22.0,,,,34.01,37.49,,,,,31.5,39.5,38.35,0.0,0.0,-1.5,1.5,0.0,N/A,False,,,,,,,,,,SP,32.87
56643,Marc Essary,RP,22.0,,,,33.9,43.78,,,,,26.5,45.0,47.3,0.42,0.0,1.0,1.5,-2.0,N/A,False,,,,,,,,,,RP,31.7
56661,Ed Evans,RP,21.0,,,,36.55,40.16,,,,,35.0,41.5,56.62,0.0,0.0,-1.5,0.9,-2.0,N/A,False,,,,,,,,,,RP,40.41
56680,Mike White,SP,21.0,,,,31.51,35.16,,,,,28.25,40.0,44.6,0.0,0.0,1.0,0.9,0.0,N/A,False,,,,,,,,,,SP,24.02
56693,Chris Powers,SP,22.0,,,,33.11,35.78,,,,,28.5,35.75,56.9,0.0,0.0,0.0,1.5,0.0,N/A,False,,,,,,,,,,SP,29.18
56834,Shamar Phoenix,RP,22.0,,,,35.24,42.55,,,,,30.75,43.5,51.67,0.0,0.0,0.0,1.5,-2.0,N/A,False,,,,,,,,,,RP,35.98
56850,Nate Harris,C,22.0,,,,43.84,47.48,29.25,39.25,48.75,35.25,,,,0.0,0.0,-0.5,1.5,0.0,N/A,False,45.12,,,,,,,32.36,29.25,C,45.12
56922,Robby Grijalva,SP,22.0,,,,33.66,38.19,,,,,28.25,38.5,39.8,0.0,0.0,0.0,1.5,0.0,N/A,False,,,,,,,,,,SP,30.56
56934,Jeff Hotchkiss,2B,22.0,,,,35.85,39.11,26.25,37.0,42.0,30.5,,,,0.0,0.0,0.0,1.5,0.0,N/A,False,,27.74,35.11,,,,,,26.25,2B,35.11
56967,Tommy Barron,RP,22.0,,,,32.02,35.41,,,,,24.5,35.5,40.73,0.0,0.0,-0.5,1.5,-2.0,N/A,False,,,,,,,,,,RP,28.56
57521,Pat Ertman,SP,22.0,,,,32.05,35.14,,,,,25.75,35.25,55.35,0.0,0.0,-0.5,1.5,0.0,N/A,False,,,,,,,,,,SP,26.67
57549,Jeff Warner,RP,22.0,,,,34.34,37.87,,,,,32.75,41.0,32.25,0.0,0.0,1.5,1.5,-2.0,N/A,False,,,,,,,,,,RP,32.62
57556,Ken Stewart,SP,20.0,,,,35.59,49.39,,,,,28.75,46.0,62.95,0.25,0.0,0.0,0.3,0.0,N/A,False,,,,,,,,,,SP,35.59
57581,Josh Whaley,SP,21.0,,,,30.1,31.21,,,,,23.0,28.5,50.7,0.0,0.0,-1.5,0.9,0.0,N/A,False,,,,,,,,,,SP,21.04
57590,Yhonkervix Gwyn,RP,20.0,,,,33.96,40.7,,,,,28.25,42.25,53.1,0.0,0.0,0.0,0.3,-2.0,N/A,False,,,,,,,,,,RP,34.46
57598,T.J. Barnard,LF,20.0,,,,33.11,48.66,24.75,47.0,46.5,27.5,,,,-0.44,0.0,2.0,0.3,0.0,N/A,False,,,,,,27.76,,28.81,24.75,RF,28.81
57605,Chris Barnhart,RP,21.0,,,,34.05,37.41,,,,,26.75,35.0,60.02,0.0,0.0,-1.0,0.9,-2.0,N/A,False,,,,,,,,,,RP,35.07
57607,Joe Lindsey,LF,21.0,,,,34.34,50.78,30.25,49.0,44.62,22.0,,,,0.44,0.0,0.5,0.9,0.0,N/A,False,,,,,,31.38,,31.79,30.25,RF,31.79
57611,Mike Ankner,3B,21.0,,,,42.71,62.11,31.0,56.75,46.62,70.0,,,,0.81,0.0,2.5,0.9,0.0,N/A,False,,34.85,40.98,40.83,,,,36.77,31.0,2B,40.98
57614,Chris Mortenson,RP,21.0,,,,36.23,51.0,,,,,31.0,49.25,62.73,0.44,0.0,-1.0,0.9,-2.0,N/A,False,,,,,,,,,,RP,38.93
57628,Jeremy Jackson,RP,21.0,,,,35.87,48.16,,,,,29.0,45.5,63.98,0.0,0.0,0.0,0.9,-2.0,N/A,False,,,,,,,,,,RP,37.74
57630,Michael Sexton Jr.,SP,20.0,,,,36.06,51.68,,,,,29.5,47.25,51.45,0.29,0.0,2.5,0.3,0.0,N/A,False,,,,,,,,,,SP,33.89
57633,Mike Weaver,SP,21.0,,,,33.3,40.6,,,,,28.75,43.75,53.8,0.0,0.0,-1.0,0.9,0.0,N/A,False,,,,,,,,,,SP,31.26
57645,Ken Chapman,SS,20.0,,,,39.0,51.81,28.0,46.5,47.94,36.75,,,,0.38,0.0,4.0,0.3,0.0,N/A,False,,30.94,36.64,,,30.98,,32.4,28.0,2B,36.64
57654,Murdoch Freeman,SP,20.0,,,,31.36,38.91,,,,,21.75,41.5,38.5,0.0,0.0,0.0,0.3,0.0,N/A,False,,,,,,,,,,SP,25.1
57661,Tim Kleinpeter,1B,21.0,,,,31.55,47.11,26.0,49.0,0.0,27.5,,,,0.62,0.0,-1.5,0.9,0.0,N/A,False,,,,,,,,,26.0,DH,26.0
57674,Sergio Valle,SP,20.0,,,,34.24,46.86,,,,,27.25,46.5,61.22,0.56,0.0,1.0,0.3,0.0,N/A,False,,,,,,,,,,SP,31.55
57677,Sergio Leal,RP,21.0,,,,33.16,37.73,,,,,29.5,41.25,43.1,0.0,0.0,-1.0,0.9,-2.0,N/A,False,,,,,,,,,,RP,32.9
57691,Walt Norris,SP,21.0,,,,33.05,37.81,,,,,23.75,35.25,50.65,0.0,0.0,0.5,0.9,0.0,N/A,False,,,,,,,,,,SP,29.13
57692,Davon Gatison,RP,21.0,,,,31.48,34.63,,,,,25.25,36.5,43.88,0.0,0.0,-3.0,0.9,-2.0,N/A,False,,,,,,,,,,RP,29.91
57694,Nelson Zavala,SP,21.0,,,,33.17,37.6,,,,,22.75,33.5,61.15,0.0,0.0,-0.5,0.9,0.0,N/A,False,,,,,,,,,,SP,30.43
57706,Jim Cheuvront,SP,20.0,,,,31.77,33.87,,,,,23.0,30.25,50.3,0.0,0.0,-2.0,0.3,0.0,N/A,False,,,,,,,,,,SP,28.46
57717,Jimmy Piontek,RP,21.0,,,,32.36,37.25,,,,,26.75,40.5,38.55,0.0,0.0,0.0,0.9,-2.0,N/A,False,,,,,,,,,,RP,29.7
57723,Wood Myers Jr.,RP,20.0,,,,31.95,38.49,,,,,24.5,42.25,46.7,0.0,0.0,-1.0,0.3,-2.0,N/A,False,,,,,,,,,,RP,30.05
57732,Jorge Bowness,SP,21.0,,,,31.18,35.39,,,,,23.75,37.5,49.27,0.0,0.0,0.0,0.9,0.0,N/A,False,,,,,,,,,,SP,23.86
57762,Bobby Wolf,RP,21.0,,,,35.11,46.73,,,,,24.5,41.75,69.8,0.0,0.0,0.5,0.9,-2.0,N/A,False,,,,,,,,,,RP,35.83
57763,Jeremy Miller,RF,20.0,,,,32.32,41.23,23.5,42.5,43.25,30.5,,,,0.0,0.0,1.0,0.3,0.0,N/A,False,,,,,,27.16,,,23.5,LF,27.16
57764,Steve Weekly,SP,21.0,,,,35.39,50.3,,,,,28.25,46.75,59.25,0.42,0.0,0.0,0.9,0.0,N/A,False,,,,,,,,,,SP,34.45
57768,David Naranjo,SP,21.0,,,,35.74,47.92,,,,,29.5,45.5,57.9,0.33,0.0,0.0,0.9,0.0,N/A,False,,,,,,,,,,SP,35.18
57769,Jake Henry,RP,21.0,,,,35.56,39.31,,,,,29.0,36.5,57.7,0.0,0.0,1.0,0.9,-2.0,N/A,False,,,,,,,,,,RP,36.17
58247,Jared Jurgensmeier,RP,22.0,,,,36.65,41.21,,,,,34.25,42.0,41.12,0.0,0.0,2.5,1.5,-2.0,N/A,False,,,,,,,,,,RP,35.97
58317,Sean Lusby,2B,20.0,,,,38.1,56.98,28.5,54.25,45.0,46.0,,,,0.81,0.0,0.0,0.3,0.0,N/A,False,,30.72,39.03,,,,,,28.5,2B,39.03
58326,Phil Coffey,CF,21.0,,,,48.06,56.59,32.25,51.25,52.25,37.75,,,,0.44,0.0,-0.5,0.9,0.0,N/A,False,,33.3,,,,36.48,48.12,36.36,32.25,CF,48.12
58331,B.J. Ryan,RP,21.0,,,,37.19,44.34,,,,,32.75,43.0,61.45,0.0,0.0,0.0,0.9,-2.0,N/A,False,,,,,,,,,,RP,39.92
58334,Jaime Giordano,CF,21.0,,,,34.83,47.52,27.5,46.75,44.58,42.75,,,,0.5,0.0,1.0,0.9,0.0,N/A,False,,29.51,,,,31.61,,32.25,27.5,RF,32.25
58351,Zackary Hunter Redd,RP,21.0,,,,34.06,37.06,,,,,29.0,36.5,45.4,0.0,0.0,1.0,0.9,-2.0,N/A,False,,,,,,,,,,RP,33.1
58372,Zackary Hodges,RP,21.0,,,,34.2,38.9,,,,,29.5,40.0,39.15,0.0,0.0,2.5,0.9,-2.0,N/A,False,,,,,,,,,,RP,31.91
58438,Mike Lantrip,RP,21.0,,,,32.89,34.8,,,,,26.75,32.75,44.55,0.0,0.0,0.0,0.9,-2.0,N/A,False,,,,,,,,,,RP,31.2
58473,Joe Herman,SP,21.0,,,,32.49,37.84,,,,,30.75,44.25,32.38,0.0,0.0,-0.5,0.9,0.0,N/A,False,,,,,,,,,,SP,28.58
58516,Jeremy Zaruba,SP,20.0,,,,31.26,34.07,,,,,22.0,32.0,45.62,0.0,0.0,0.5,0.3,0.0,N/A,False,,,,,,,,,,SP,24.23
58550,Mike Anderson,RP,19.0,,,,33.92,42.54,,,,,28.5,45.0,56.35,0.0,0.0,-0.5,-0.3,-2.0,N/A,False,,,,,,,,,,RP,35.46
58554,C.J. Loza,SP,19.0,,,,31.87,32.97,,,,,22.0,26.0,56.52,0.0,0.0,-1.5,-0.3,0.0,N/A,False,,,,,,,,,,SP,28.91
58699,Danny Troutt,SP,20.0,,,,33.1,41.28,,,,,22.0,38.5,58.75,0.0,0.0,1.0,0.3,0.0,N/A,False,,,,,,,,,,SP,29.35
58704,David Arriola,SP,20.0,,,,30.51,35.09,,,,,23.5,39.75,40.43,0.0,0.0,0.0,0.3,0.0,N/A,False,,,,,,,,,,SP,21.89
58719,Jeff Justen,LF,20.0,,,,32.44,39.61,25.25,41.25,47.25,20.0,,,,0.0,0.0,0.5,0.3,0.0,N/A,False,,,,,,28.02,,,25.25,LF,28.02
58772,Ben Greene,C,21.0,,,,44.76,56.19,25.5,49.5,48.25,31.75,,,,0.69,0.0,3.5,0.9,0.0,N/A,False,41.74,,,,,,,,25.5,C,41.74
58802,Ben Connell,RP,21.0,,,,33.74,38.95,,,,,30.0,42.0,45.41,0.0,0.0,-0.5,0.9,-2.0,N/A,False,,,,,,,,,,RP,33.85
58837,Rob Zollars,SP,21.0,,,,36.89,49.51,,,,,31.0,45.5,62.25,0.21,0.0,0.0,0.9,0.0,N/A,False,,,,,,,,,,SP,37.25
58849,Robby Moore,SP,21.0,,,,29.7,32.43,,,,,23.5,36.25,34.55,0.0,0.0,-3.0,0.9,0.0,N/A,False,,,,,,,,,,SP,20.71
58855,A.J. Quillen,RF,20.0,,,,34.81,50.1,30.0,51.25,50.5,47.5,,,,0.62,0.0,-1.5,0.3,0.0,N/A,False,,,,,,34.45,,35.2,30.0,RF,35.2
58869,Chris Pryor,SP,20.0,,,,44.14,60.22,,,,,34.25,49.25,70.28,0.6,0.0,4.0,0.3,0.0,N/A,False,,,,,,,,,,SP,41.46
59005,Chris Onson,RP,19.0,,,,34.36,49.59,,,,,24.5,46.0,68.38,0.0,0.0,0.5,-0.3,-2.0,N/A,False,,,,,,,,,,RP,35.47
59700,Jim Lindner,SP,21.0,,,,42.77,61.93,,,,,39.0,58.5,63.5,0.94,0.0,-0.5,0.9,0.0,N/A,False,,,,,,,,,,SP,43.9
59718,Kevin Horn,SP,20.0,,,,32.65,42.73,,,,,25.5,45.75,41.5,0.42,0.0,0.0,0.3,0.0,N/A,False,,,,,,,,,,SP,28.7
60012,Curt Roberts,SP,19.0,,,,32.91,42.67,,,,,23.75,42.5,57.25,0.0,0.0,0.0,-0.3,0.0,N/A,False,,,,,,,,,,SP,30.45
60022,Bob Phillips,SP,19.0,,,,31.66,37.57,,,,,26.75,43.0,38.97,0.0,0.0,-2.5,-0.3,0.0,N/A,False,,,,,,,,,,SP,29.2
60049,Chris Snoke,SP,19.0,,,,29.67,34.73,,,,,21.75,41.75,39.25,0.0,0.0,-1.5,-0.3,0.0,N/A,False,,,,,,,,,,SP,20.25
60603,Kevon Woolfork,RP,20.0,,,,33.13,39.88,,,,,26.75,42.25,53.49,0.0,0.0,-1.0,0.3,-2.0,N/A,False,,,,,,,,,,RP,33.43
60637,Phil Reardon,RP,23.0,,,,34.76,36.71,,,,,34.25,39.0,39.29,0.0,0.0,-0.5,1.5,-2.0,N/A,False,,,,,,,,,,RP,35.51
60639,Kevin Antonini,SP,21.0,,,,31.36,33.46,,,,,27.5,35.25,42.4,0.0,0.0,-1.0,0.9,0.0,N/A,False,,,,,,,,,,SP,25.48
60658,Brad Goodrich,2B,23.0,,,,60.0,67.59,52.75,68.25,42.08,45.75,,,,1.75,0.0,1.5,1.5,0.0,N/A,False,,51.02,49.46,,,50.18,,,52.75,DH,52.75
60704,Damani Inyang,RP,22.0,,,,39.27,41.51,,,,,37.5,40.75,50.08,0.0,0.0,1.5,1.5,-2.0,N/A,False,,,,,,,,,,RP,40.64
60708,Kevin Law,SP,23.0,,,,36.37,40.75,,,,,35.75,43.0,37.05,0.0,0.0,0.0,1.5,0.0,N/A,False,,,,,,,,,,SP,36.01
60709,noah St. Hubert,RP,22.0,,,,36.96,44.86,,,,,30.5,41.75,56.35,0.0,0.0,2.0,1.5,-2.0,N/A,False,,,,,,,,,,RP,36.96
60713,Rogelio Bocanegra,RP,22.0,,,,35.99,40.67,,,,,30.25,38.75,46.65,0.0,0.0,3.0,1.5,-2.0,N/A,False,,,,,,,,,,RP,34.35
60714,Terrell Hariston,RP,19.0,,,,34.73,40.17,,,,,33.25,44.25,51.23,0.0,0.0,-1.0,-0.3,-2.0,N/A,False,,,,,,,,,,RP,37.74
60726,Eric Watson,SP,19.0,,,,34.84,49.08,,,,,30.0,49.0,48.12,0.35,0.0,1.0,-0.3,0.0,N/A,False,,,,,,,,,,SP,33.62
60743,T.J. Baker,SP,22.0,,,,32.2,34.48,,,,,24.25,31.5,36.1,0.0,0.0,0.0,1.5,0.0,N/A,False,,,,,,,,,,SP,26.62
60747,Domingo Toro,RP,22.0,,,,35.09,40.34,,,,,32.0,42.25,46.74,0.0,0.0,0.0,1.5,-2.0,N/A,False,,,,,,,,,,RP,35.68
60761,Nehemiah Zacharie,SP,22.0,,,,32.76,34.39,,,,,28.0,33.0,44.17,0.0,0.0,-0.5,1.5,0.0,N/A,False,,,,,,,,,,SP,28.73
60767,Juan Vera,RP,23.0,,,,36.74,40.81,,,,,35.75,42.75,41.25,0.0,0.0,1.5,1.5,-2.0,N/A,False,,,,,,,,,,RP,37.12
60785,Josh Williams,RP,22.0,,,,32.93,34.67,,,,,32.0,37.5,30.8,0.0,0.0,-1.0,1.5,-2.0,N/A,False,,,,,,,,,,RP,31.7
60797,Kevin Barnes,RP,22.0,,,,32.6,33.92,,,,,26.75,31.25,40.9,0.0,0.0,-0.5,1.5,-2.0,N/A,False,,,,,,,,,,RP,30.29
60818,Chris Harbor,RP,22.0,,,,34.76,39.89,,,,,32.25,42.75,37.28,0.0,0.0,1.5,1.5,-2.0,N/A,False,,,,,,,,,,RP,33.51
60823,Kevin Norton,RP,22.0,,,,33.68,36.28,,,,,30.25,37.25,47.7,0.0,0.0,-2.0,1.5,-2.0,N/A,False,,,,,,,,,,RP,34.61
60852,Josh Ahearn,SP,17.0,,,,33.77,57.94,,,,,28.25,58.25,68.98,0.92,0.0,-1.0,-1.5,0.0,N/A,False,,,,,,,,,,SP,33.9
60853,Chris Dupuis,SP,18.0,,,,33.64,46.22,,,,,25.5,46.0,52.2,0.56,0.0,1.5,-0.9,0.0,N/A,False,,,,,,,,,,SP,30.84
60854,Luis Gracia,SP,18.0,,,,31.89,43.81,,,,,22.75,46.0,56.0,-0.35,0.0,-1.0,-0.9,0.0,N/A,False,,,,,,,,,,SP,29.4
60855,Greg Thacker,SS,18.0,,,,35.94,45.86,24.0,45.5,52.58,42.5,,,,-0.44,0.0,0.0,-0.9,0.0,N/A,False,,27.92,38.11,37.75,,,,,24.0,2B,38.11
60856,Edgar Cardosa,SP,18.0,,,,32.74,43.04,,,,,23.75,43.5,45.35,0.0,0.0,2.5,-0.9,0.0,N/A,False,,,,,,,,,,SP,28.07
60857,Jorge Flores,SP,18.0,,,,33.89,46.33,,,,,24.0,43.75,51.55,0.5,0.0,3.5,-0.9,0.0,N/A,False,,,,,,,,,,SP,29.51
60858,Steve Muller,RP,18.0,,,,33.44,51.08,,,,,24.5,49.5,61.35,-0.29,0.0,1.0,-0.9,-2.0,N/A,False,,,,,,,,,,RP,33.71
60859,Truman Lush,3B,17.0,,,,36.4,52.83,22.75,50.5,46.06,33.75,,,,-0.12,0.0,2.5,-1.5,0.0,N/A,False,,25.82,,36.69,,26.4,,27.04,22.75,3B,36.69
60860,Josh Brunnhof,RP,18.0,,,,31.71,36.33,,,,,24.5,39.0,44.36,0.0,0.0,0.0,-0.9,-2.0,N/A,False,,,,,,,,,,RP,29.47
60861,Ajani Nickleberry,CL,18.0,,,,32.72,60.67,,,,,25.75,65.5,64.2,1.17,0.0,-4.0,-0.9,-2.0,N/A,False,,,,,,,,,,RP,35.36
60862,Josh Farrens,RP,18.0,,,,33.73,45.93,,,,,28.75,50.0,60.19,0.52,0.0,-2.0,-0.9,-2.0,N/A,False,,,,,,,,,,RP,36.61
60863,Ron Crisman,RP,17.0,,,,33.47,54.4,,,,,24.5,52.25,57.58,-0.17,0.0,2.5,-1.5,-2.0,N/A,False,,,,,,,,,,RP,32.77
60864,Nate Jackson,SP,17.0,,,,32.2,46.15,,,,,21.75,46.0,52.45,-0.27,0.0,2.0,-1.5,0.0,N/A,False,,,,,,,,,,SP,27.89
60865,Chris Hinz,C,18.0,,,,37.6,48.75,21.75,46.25,43.0,22.25,,,,-0.31,0.0,4.0,-0.9,0.0,N/A,False,36.65,,,,,,,,21.75,C,36.65
60866,Jeff Meier,LF,18.0,,,,33.76,60.93,27.0,57.0,45.0,26.25,,,,1.06,0.0,2.5,-0.9,0.0,N/A,False,,,,,,29.62,,29.62,27.0,LF,29.62
60867,Jonathan Sumner,SP,18.0,,,,33.46,44.22,,,,,29.5,48.5,42.6,0.35,0.0,0.0,-0.9,0.0,N/A,False,,,,,,,,,,SP,32.12
60868,Dan Stangl,C,18.0,,,,41.86,51.15,25.5,50.5,43.62,26.25,,,,0.75,0.0,1.0,-0.9,0.0,N/A,False,43.56,,,,,,,27.15,25.5,C,43.56
60869,Dave Swartz,LF,19.0,,,,31.54,43.32,22.75,46.0,41.88,29.5,,,,-0.31,0.0,0.0,-0.3,0.0,N/A,False,,,,,,25.97,,26.61,22.75,RF,26.61
60870,Jon Minick,1B,18.0,,,,31.32,42.9,23.75,46.75,37.5,35.75,,,,-0.38,0.0,-0.5,-0.9,0.0,N/A,False,,,,,,27.01,,,23.75,LF,27.01
60871,Jon Ramsey,RF,18.0,,,,34.07,56.44,26.25,53.5,54.38,36.75,,,,0.88,0.0,1.5,-0.9,0.0,N/A,False,,,,,,31.5,,31.54,26.25,RF,31.54
60872,Jon Maddox,RF,18.0,,,,30.5,40.09,23.0,46.0,41.75,24.25,,,,-0.38,0.0,-2.5,-0.9,0.0,N/A,False,,,,,,25.94,,,23.0,LF,25.94
60873,Joe Assell,SS,18.0,,,,40.43,49.58,26.25,48.5,60.19,36.25,,,,0.62,0.0,-3.5,-0.9,0.0,N/A,False,,30.23,41.76,43.06,46.75,,,,26.25,SS,46.75
60874,Bobby Oliveri,SP,18.0,,,,32.98,41.56,,,,,27.75,45.5,43.15,0.4,0.0,0.0,-0.9,0.0,N/A,False,,,,,,,,,,SP,30.83
60875,Humberto Romo,SP,17.0,,,,31.1,40.09,,,,,24.5,46.75,48.5,-0.35,0.0,-3.0,-1.5,0.0,N/A,False,,,,,,,,,,SP,29.3
60876,Jeremy Paukner,SP,18.0,,,,30.96,33.61,,,,,20.0,30.0,41.7,0.0,0.0,0.5,-0.9,0.0,N/A,False,,,,,,,,,,SP,24.34
60877,Danny Byrne,CF,18.0,,,,45.44,58.92,28.25,55.25,52.33,54.75,,,,0.88,0.0,2.0,-0.9,0.0,N/A,False,,,,,,34.39,45.34,34.61,28.25,CF,45.34
60878,Mike Pedersen,3B,18.0,,,,34.11,40.33,25.25,45.75,45.25,30.25,,,,0.5,0.0,-2.0,-0.9,0.0,N/A,False,,27.27,,35.51,,,,,25.25,3B,35.51
60879,Jerry Miller,SP,18.0,,,,32.51,40.1,,,,,22.75,39.75,48.57,0.0,0.0,2.0,-0.9,0.0,N/A,False,,,,,,,,,,SP,27.91
60880,Chris Campbell,SP,17.0,,,,34.2,48.1,,,,,29.5,49.75,45.92,0.52,0.0,1.5,-1.5,0.0,N/A,False,,,,,,,,,,SP,32.79
60881,Ken Wilder,RF,18.0,,,,36.53,67.27,29.75,69.75,48.08,55.5,,,,1.44,0.0,1.5,-0.9,0.0,N/A,False,,32.16,,,,35.48,,35.74,29.75,RF,35.74
60882,Josh Fintak,C,17.0,,,,43.95,63.49,26.75,63.25,54.25,26.0,,,,1.25,0.0,0.5,-1.5,0.0,N/A,False,45.96,,,,,,,,26.75,C,45.96
60883,Jorge Puente,CF,18.0,,,,43.15,59.41,27.75,57.75,52.5,46.0,,,,1.06,0.0,0.0,-0.9,0.0,N/A,False,,,,,,33.29,45.4,33.14,27.75,CF,45.4
60884,Shamar Straughter,2B,18.0,,,,37.33,47.33,25.0,47.5,58.12,41.0,,,,0.62,0.0,0.0,-0.9,0.0,N/A,False,,29.6,39.31,,,,,,25.0,2B,39.31
60885,Sergio Morales,1B,18.0,,,,29.94,45.86,23.25,51.0,0.0,34.5,,,,-0.12,0.0,-2.5,-0.9,0.0,N/A,False,,,,,,,,,23.25,DH,23.25
60886,Chris Darensburg,SP,17.0,,,,32.43,45.74,,,,,24.0,48.25,57.1,0.69,0.0,-1.0,-1.5,0.0,N/A,False,,,,,,,,,,SP,30.62
60887,Tim Barkley,3B,18.0,,,,35.99,59.87,28.0,58.75,44.69,24.25,,,,1.0,0.0,-0.5,-0.9,0.0,N/A,False,,29.61,35.5,37.26,,29.16,,,28.0,3B,37.26
60888,Josh Phillips,RP,18.0,,,,32.78,48.17,,,,,24.5,49.75,58.46,-0.29,0.0,0.0,-0.9,-2.0,N/A,False,,,,,,,,,,RP,32.99
60889,Josh Kliewer,2B,18.0,,,,34.96,42.49,25.25,46.5,45.12,45.25,,,,0.56,0.0,-1.0,-0.9,0.0,N/A,False,,28.32,36.25,36.26,,29.73,,,25.25,3B,36.26
60890,Sean Selleck,SP,18.0,,,,31.26,41.19,,,,,23.5,46.5,39.8,-0.33,0.0,-0.5,-0.9,0.0,N/A,False,,,,,,,,,,SP,26.76
60891,Devin Norbert,RP,18.0,,,,42.91,67.21,,,,,34.25,69.25,68.6,1.42,0.0,4.0,-0.9,-2.0,N/A,False,,,,,,,,,,RP,42.84
60892,Eddie Copas,SP,18.0,,,,32.08,39.88,,,,,25.0,43.25,48.3,0.0,0.0,-1.0,-0.9,0.0,N/A,False,,,,,,,,,,SP,29.66
60893,Mike Webster,CL,18.0,,,,41.56,63.6,,,,,34.5,60.5,65.85,1.19,0.0,3.5,-0.9,-2.0,N/A,False,,,,,,,,,,RP,42.34
60894,Damani Timothee,SP,18.0,,,,32.54,43.26,,,,,26.25,47.5,42.75,0.46,0.0,0.0,-0.9,0.0,N/A,False,,,,,,,,,,SP,29.55
60895,Jon Mohney,SP,18.0,,,,32.63,42.12,,,,,23.75,43.5,63.8,0.5,0.0,-2.0,-0.9,0.0,N/A,False,,,,,,,,,,SP,31.76
60896,Keyon Lankford,C,17.0,,,,37.31,42.43,21.75,45.5,47.5,26.25,,,,0.0,0.0,0.5,-1.5,0.0,N/A,False,40.0,,,,,25.76,,26.36,21.75,C,40.0
60897,Josh Buchanan,SP,18.0,,,,33.37,45.74,,,,,26.25,47.25,45.6,0.62,0.0,1.5,-0.9,0.0,N/A,False,,,,,,,,,,SP,30.12
60898,Jon Olson,CF,18.0,,,,47.84,57.72,26.25,49.75,56.33,52.25,,,,0.69,0.0,2.0,-0.9,0.0,N/A,False,,,,,,33.42,47.05,33.31,26.25,CF,47.05
60899,Jimmy Bernal,SP,17.0,,,,34.2,48.98,,,,,29.75,50.75,39.35,0.65,0.0,2.5,-1.5,0.0,N/A,False,,,,,,,,,,SP,31.67
60900,Jon Jones,CF,18.0,,,,40.3,55.81,25.75,55.0,50.5,37.5,,,,1.0,0.0,-0.5,-0.9,0.0,N/A,False,,,,,,30.45,43.24,,25.75,CF,43.24
60901,Josh King,SP,17.0,,,,30.58,38.19,,,,,20.0,42.25,39.8,0.0,0.0,0.0,-1.5,0.0,N/A,False,,,,,,,,,,SP,23.96
60902,Frank Camacho,RP,18.0,,,,33.93,49.39,,,,,26.0,49.5,53.85,0.62,0.0,2.0,-0.9,-2.0,N/A,False,,,,,,,,,,RP,32.96
60903,Chris Cress,RF,18.0,,,,33.34,52.48,26.0,51.75,47.25,42.25,,,,0.75,0.0,0.5,-0.9,0.0,N/A,False,,,,,,30.7,,30.93,26.0,RF,30.93
60904,Randy Marshall,SS,17.0,,,,40.63,60.22,28.75,60.25,50.21,43.25,,,,0.94,0.0,-1.0,-1.5,0.0,N/A,False,,31.3,39.43,39.71,,33.5,44.75,33.46,28.75,CF,44.75
60905,Jon Marshall,SS,18.0,,,,50.27,61.05,24.0,52.5,59.14,54.5,,,,-0.06,0.0,0.5,-0.9,0.0,N/A,False,,28.93,44.04,44.88,50.6,31.4,44.38,32.15,24.0,SS,50.6
60906,Savion Marseille,SP,17.0,,,,32.98,41.36,,,,,25.5,42.5,52.17,0.0,0.0,1.0,-1.5,0.0,N/A,False,,,,,,,,,,SP,30.84
60907,Dave Hibbard,2B,19.0,,,,39.51,60.39,27.25,57.25,46.25,59.75,,,,1.06,0.0,1.0,-0.3,0.0,N/A,False,,31.45,40.18,,,32.52,,32.79,27.25,2B,40.18
60908,Jake McGill,CF,19.0,,,,31.6,40.89,22.75,45.25,50.75,36.5,,,,-0.38,0.0,-2.0,-0.3,0.0,N/A,False,,,,,,27.76,,28.89,22.75,RF,28.89
60909,Shamar Dozer,SP,18.0,,,,32.2,41.87,,,,,24.0,45.0,44.1,0.5,0.0,0.5,-0.9,0.0,N/A,False,,,,,,,,,,SP,28.02
60910,Brad Taylor,SP,18.0,,,,31.67,41.41,,,,,23.5,45.0,44.4,-0.33,0.0,0.0,-0.9,0.0,N/A,False,,,,,,,,,,SP,27.68
60911,Ismael Turcio,SP,18.0,,,,34.77,55.15,,,,,28.25,52.25,61.05,0.62,0.0,0.0,-0.9,0.0,N/A,False,,,,,,,,,,SP,34.81
60912,Juan Fuentes,SP,18.0,,,,32.95,41.68,,,,,25.5,43.5,56.7,0.42,0.0,1.5,-0.9,0.0,N/A,False,,,,,,,,,,SP,29.24
60913,Chad Witzel,SS,18.0,,,,39.48,60.52,26.25,57.0,46.1,54.25,,,,1.06,0.0,2.0,-0.9,0.0,N/A,False,,30.02,39.74,38.34,,30.96,,31.34,26.25,2B,39.74
60914,Juan Rosabal,LF,18.0,,,,31.96,41.79,25.0,45.25,41.88,24.25,,,,0.5,0.0,0.0,-0.9,0.0,N/A,False,,,,,,27.14,,27.78,25.0,RF,27.78
60915,Mike Campbell,C,17.0,,,,40.99,49.03,24.75,49.5,44.88,23.25,,,,0.69,0.0,1.5,-1.5,0.0,N/A,False,42.88,26.1,,,,,,,24.75,C,42.88
60916,Jared Raney,SP,18.0,,,,29.88,34.45,,,,,21.75,39.75,39.8,0.0,0.0,0.0,-0.9,0.0,N/A,False,,,,,,,,,,SP,20.36
60917,Naquan Myricks,SP,17.0,,,,30.44,36.56,,,,,25.0,45.5,47.1,0.48,0.0,-1.5,-1.5,0.0,N/A,False,,,,,,,,,,SP,24.42
60918,Tung Ngo-Dinh,SP,18.0,,,,33.61,53.33,,,,,26.75,52.75,55.35,0.85,0.0,-0.5,-0.9,0.0,N/A,False,,,,,,,,,,SP,32.47
60919,Bobby DiNaro,SP,18.0,,,,32.24,45.14,,,,,23.5,46.75,55.5,-0.27,0.0,-0.5,-0.9,0.0,N/A,False,,,,,,,,,,SP,29.9
60920,Bobby Leyva,C,17.0,,,,39.39,44.88,25.5,48.75,48.0,23.5,,,,0.69,0.0,-1.0,-1.5,0.0,N/A,False,43.6,,,,,28.08,,28.75,25.5,C,43.6
60921,Freddy Bello,SP,17.0,,,,34.11,47.53,,,,,27.25,47.25,51.77,0.46,0.0,2.0,-1.5,0.0,N/A,False,,,,,,,,,,SP,32.16
60922,Bob Mifflin,SP,17.0,,,,30.19,36.96,,,,,22.75,44.25,47.8,-0.42,0.0,0.0,-1.5,0.0,N/A,False,,,,,,,,,,SP,22.76
60923,Mike Haven,2B,18.0,,,,37.42,65.29,29.25,65.0,45.75,32.25,,,,1.25,0.0,1.5,-0.9,0.0,N/A,False,,30.88,37.31,,,32.17,,,29.25,2B,37.31
60924,Dillan Bonzer,RP,18.0,,,,31.92,46.69,,,,,22.25,50.0,54.15,-0.08,0.0,0.0,-0.9,-2.0,N/A,False,,,,,,,,,,RP,30.23
60925,Juan Lizarraga,2B,18.0,,,,34.05,41.19,22.25,44.5,45.25,30.75,,,,-0.38,0.0,0.0,-0.9,0.0,N/A,False,,25.75,34.24,,,25.12,,,22.25,2B,34.24
60926,Amari Lightburn,SP,18.0,,,,37.04,60.43,,,,,30.0,55.25,73.47,0.79,0.0,0.0,-0.9,0.0,N/A,False,,,,,,,,,,SP,38.7
60927,Sean Rice,2B,17.0,,,,38.27,55.0,28.5,54.5,46.0,49.5,,,,0.81,0.0,0.0,-1.5,0.0,N/A,False,,31.5,41.06,,,32.06,,,28.5,2B,41.06
60928,Alfredo Contreras,SS,17.0,,,,36.27,45.88,24.0,46.0,50.12,51.5,,,,-0.38,0.0,2.0,-1.5,0.0,N/A,False,,28.27,37.21,,,,,,24.0,2B,37.21
60929,David Vargas,LF,18.0,,,,31.71,45.86,24.5,48.5,46.0,25.25,,,,-0.31,0.0,0.0,-0.9,0.0,N/A,False,,,,,,27.8,,,24.5,LF,27.8
60930,Steve Peterson,C,18.0,,,,42.51,58.16,26.25,54.0,46.12,23.0,,,,0.88,0.0,2.5,-0.9,0.0,N/A,False,42.54,,,,,,,28.36,26.25,C,42.54
60931,Joe Ratliff,LF,18.0,,,,33.65,58.67,27.75,55.5,44.62,28.5,,,,0.88,0.0,1.5,-0.9,0.0,N/A,False,,,,,,30.15,,30.56,27.75,RF,30.56
60932,Abdul Hafeez Mahsud Khel,CF,18.0,,,,49.61,60.95,25.5,57.0,56.0,57.25,,,,1.12,0.0,2.5,-0.9,0.0,N/A,False,,,,,,33.06,47.07,33.4,25.5,CF,47.07
60933,Jon Dole,CF,18.0,,,,44.31,65.98,30.0,67.5,50.5,58.75,,,,1.31,0.0,0.5,-0.9,0.0,N/A,False,,,,,,35.76,45.58,,30.0,CF,45.58
60934,Gabe Tetu,SP,17.0,,,,33.32,52.41,,,,,22.0,46.75,64.55,-0.29,0.0,2.5,-1.5,0.0,N/A,False,,,,,,,,,,SP,30.51
60935,Tony Guerrero,SP,18.0,,,,34.58,54.94,,,,,27.75,52.25,55.3,0.77,0.0,1.0,-0.9,0.0,N/A,False,,,,,,,,,,SP,33.26
60936,Tim Clements,SP,18.0,,,,33.26,49.18,,,,,25.5,49.5,56.9,0.69,0.0,-0.5,-0.9,0.0,N/A,False,,,,,,,,,,SP,31.78
60937,Murdoch Geldart,RP,17.0,,,,33.24,56.11,,,,,27.5,59.0,72.35,0.79,0.0,-5.0,-1.5,-2.0,N/A,False,,,,,,,,,,RP,38.71
60938,Eric Lasher,SP,17.0,,,,32.42,45.11,,,,,29.0,52.75,56.9,0.69,0.0,0.0,-1.5,0.0,N/A,False,,,,,,,,,,SP,29.58
60939,Jimmy Hinton,RP,18.0,,,,35.77,57.87,,,,,26.75,53.0,71.92,0.81,0.0,0.5,-0.9,-2.0,N/A,False,,,,,,,,,,RP,38.04
60940,Chris Mikell,SP,18.0,,,,31.48,39.72,,,,,22.75,43.25,42.43,0.0,0.0,0.0,-0.9,0.0,N/A,False,,,,,,,,,,SP,26.69
60941,Dave Fuller,RP,18.0,,,,31.13,38.37,,,,,21.5,42.75,45.35,0.0,0.0,0.0,-0.9,-2.0,N/A,False,,,,,,,,,,RP,27.46
60942,Devin Youngren,RP,17.0,,,,31.74,40.32,,,,,23.5,46.0,37.43,0.69,0.0,2.5,-1.5,-2.0,N/A,False,,,,,,,,,,RP,26.98
60943,Jamie Quinn,C,18.0,,,,42.8,58.67,27.25,55.5,53.5,23.25,,,,0.88,0.0,1.5,-0.9,0.0,N/A,False,42.98,,,,,30.71,43.79,31.46,27.25,CF,43.79
60944,Clay Brushett,SP,18.0,,,,31.4,41.14,,,,,21.0,43.75,48.05,0.0,0.0,0.0,-0.9,0.0,N/A,False,,,,,,,,,,SP,26.41
60945,Eric Adams,SS,18.0,,,,37.17,51.61,27.0,51.75,48.05,46.25,,,,0.75,0.0,0.0,-0.9,0.0,N/A,False,,29.86,38.94,38.54,,31.85,,32.08,27.0,2B,38.94
60946,Zanden Guthrie,RP,18.0,,,,31.22,39.07,,,,,22.25,44.25,44.48,0.0,0.0,0.0,-0.9,-2.0,N/A,False,,,,,,,,,,RP,27.81
60947,Jim Scarbrough,SP,18.0,,,,30.11,34.55,,,,,20.0,37.0,49.35,0.0,0.0,0.5,-0.9,0.0,N/A,False,,,,,,,,,,SP,20.87
60948,Mike Chapman,SP,17.0,,,,31.35,40.04,,,,,26.25,48.5,43.7,0.6,0.0,-1.0,-1.5,0.0,N/A,False,,,,,,,,,,SP,27.24
60949,Josh Jordan,CF,18.0,,,,42.28,53.68,25.0,51.5,50.5,43.75,,,,0.88,0.0,1.5,-0.9,0.0,N/A,False,,,,,,30.51,43.33,,25.0,CF,43.33
60950,Sergio Montes,SS,18.0,,,,43.27,61.71,27.5,60.5,55.0,35.0,,,,1.06,0.0,0.0,-0.9,0.0,N/A,False,,30.73,40.85,42.05,45.5,31.74,,32.0,27.5,SS,45.5
60951,Jimmy Kimmons,SP,17.0,,,,31.95,45.57,,,,,20.0,44.75,65.5,-0.25,0.0,0.0,-1.5,0.0,N/A,False,,,,,,,,,,SP,29.1
60952,Josh Fry,CF,18.0,,,,43.15,53.66,22.75,44.5,53.83,45.0,,,,0.0,0.0,0.5,-0.9,0.0,N/A,False,,,,,,29.7,45.96,29.14,22.75,CF,45.96
60953,Joannes Hohmann,CF,18.0,,,,46.03,58.53,24.25,55.5,55.0,57.25,,,,1.12,0.0,-1.0,-0.9,0.0,N/A,False,,,,,,32.16,48.49,31.56,24.25,CF,48.49
60954,Chris Skinner,SP,18.0,,,,31.36,38.29,,,,,21.75,40.5,44.5,0.0,0.0,0.0,-0.9,0.0,N/A,False,,,,,,,,,,SP,26.3
60955,Zyaire Bonaparte,RP,18.0,,,,30.44,32.85,,,,,25.5,36.25,32.75,0.0,0.0,-2.5,-0.9,-2.0,N/A,False,,,,,,,,,,RP,27.31
60956,Alexis de la Garza,SP,18.0,,,,30.05,35.98,,,,,22.0,42.75,47.7,0.0,0.0,-3.5,-0.9,0.0,N/A,False,,,,,,,,,,SP,24.64
60957,Eddie Arnold,SP,18.0,,,,31.85,40.04,,,,,26.75,46.75,47.75,0.48,0.0,-1.0,-0.9,0.0,N/A,False,,,,,,,,,,SP,28.45
60958,Phil Gooden,SP,18.0,,,,31.91,43.83,,,,,25.25,48.5,46.1,-0.29,0.0,-1.0,-0.9,0.0,N/A,False,,,,,,,,,,SP,29.42
60959,Jimmy Bolin,SP,18.0,,,,33.97,52.96,,,,,25.5,50.0,60.2,0.75,0.0,0.5,-0.9,0.0,N/A,False,,,,,,,,,,SP,32.44
60960,Darren Hartfiel,2B,18.0,,,,34.94,41.53,25.0,45.0,43.5,44.5,,,,0.5,0.0,0.0,-0.9,0.0,N/A,False,,,35.27,,,,,,25.0,2B,35.27
60961,Colt Panosh,C,17.0,,,,38.46,63.78,30.5,66.25,46.33,26.0,,,,1.25,0.0,-2.0,-1.5,0.0,N/A,False,42.87,,,,,32.08,,32.45,30.5,C,42.87
60962,Jake Thurnau,SP,18.0,,,,34.87,54.59,,,,,29.0,52.25,59.05,0.62,0.0,0.0,-0.9,0.0,N/A,False,,,,,,,,,,SP,35.01
60963,Ren Ren Chillis,SP,19.0,,,,35.21,54.32,,,,,27.25,49.5,53.62,0.69,0.0,2.5,-0.3,0.0,N/A,False,,,,,,,,,,SP,32.53
60964,Otniel Messenger,2B,18.0,,,,37.83,66.99,28.75,68.5,40.75,59.5,,,,1.44,0.0,2.0,-0.9,0.0,N/A,False,,,37.23,,,,,,28.75,2B,37.23
60965,Bobby Boone,SP,18.0,,,,30.21,36.37,,,,,22.75,43.5,43.05,0.0,0.0,2.5,-0.9,0.0,N/A,False,,,,,,,,,,SP,19.31
60966,Andy Powell,RP,18.0,,,,36.46,57.06,,,,,31.5,55.0,59.08,0.67,0.0,1.5,-0.9,-2.0,N/A,False,,,,,,,,,,RP,38.39
60967,Chris Thompson,RF,18.0,,,,31.35,48.3,25.5,53.0,44.25,27.25,,,,0.75,0.0,-3.0,-0.9,0.0,N/A,False,,,,,,28.49,,,25.5,LF,28.49
60968,Roark Pelley,SP,18.0,,,,32.07,41.97,,,,,24.5,45.0,44.6,-0.42,0.0,0.5,-0.9,0.0,N/A,False,,,,,,,,,,SP,28.52
60969,Chris Wagner,SP,18.0,,,,33.31,47.62,,,,,25.75,48.5,44.05,0.69,0.0,2.0,-0.9,0.0,N/A,False,,,,,,,,,,SP,29.41
60970,Sam Putmon,2B,18.0,,,,36.03,49.22,25.5,50.0,41.75,48.0,,,,0.69,0.0,0.5,-0.9,0.0,N/A,False,,27.98,36.64,,,30.07,,,25.5,2B,36.64
60971,Josh Jensen,RP,19.0,,,,31.33,34.91,,,,,23.75,36.5,43.01,0.0,0.0,-1.0,-0.3,-2.0,N/A,False,,,,,,,,,,RP,28.57
60972,Sergio Coca,SP,18.0,,,,31.96,41.65,,,,,25.5,47.25,49.07,0.56,0.0,2.5,-0.9,0.0,N/A,False,,,,,,,,,,SP,25.22
60973,Sam Rousseau,LF,17.0,,,,31.56,45.0,25.0,46.5,0.0,35.25,,,,0.56,0.0,2.0,-1.5,0.0,N/A,False,,,,,,,,,25.0,DH,25.0
60974,Chris Elliott,RF,18.0,,,,32.33,53.68,25.0,53.0,42.92,29.5,,,,0.88,0.0,0.0,-0.9,0.0,N/A,False,,26.83,,,,28.04,,28.52,25.0,RF,28.52
60975,Josh Martin,SP,18.0,,,,34.8,56.59,,,,,27.75,53.25,62.62,0.77,0.0,0.0,-0.9,0.0,N/A,False,,,,,,,,,,SP,34.73
60976,Steve Flanery,2B,18.0,,,,47.5,61.33,26.0,56.5,50.7,59.75,,,,1.12,0.0,3.5,-0.9,0.0,N/A,False,,29.99,39.05,,,33.2,44.91,33.42,26.0,CF,44.91
60977,Caleb Burger,CF,18.0,,,,34.45,64.92,31.75,67.75,49.75,40.5,,,,1.25,0.0,-2.0,-0.9,0.0,N/A,False,,,,,,35.51,,35.14,31.75,LF,35.51
60978,Andres Mena,RP,18.0,,,,31.24,39.12,,,,,20.0,42.0,51.48,0.0,0.0,0.0,-0.9,-2.0,N/A,False,,,,,,,,,,RP,27.87
60979,Sid Waters,CF,18.0,,,,33.42,57.33,26.5,56.25,46.0,51.0,,,,1.0,0.0,-0.5,-0.9,0.0,N/A,False,,,,,,31.88,,,26.5,LF,31.88
60980,Mike Pitts,CF,17.0,,,,47.99,58.89,26.0,53.75,57.33,56.25,,,,0.94,0.0,1.5,-1.5,0.0,N/A,False,,,,,,33.6,47.99,33.83,26.0,CF,47.99
60981,Jake Hargraves,RF,18.0,,,,31.58,55.48,24.75,56.75,40.75,37.5,,,,1.12,0.0,-2.5,-0.9,0.0,N/A,False,,,,,,28.43,,,24.75,LF,28.43
60982,Chris Lyngen,SP,18.0,,,,31.46,43.35,,,,,21.75,46.5,57.12,-0.21,0.0,-2.0,-0.9,0.0,N/A,False,,,,,,,,,,SP,28.83
60983,Joismer Schnake,SP,18.0,,,,31.49,38.5,,,,,28.25,47.25,48.85,0.38,0.0,-1.0,-0.9,0.0,N/A,False,,,,,,,,,,SP,27.37
60984,Tim Lamprey,SP,18.0,,,,32.77,42.35,,,,,25.5,45.0,48.85,0.5,0.0,0.0,-0.9,0.0,N/A,False,,,,,,,,,,SP,30.17
60985,Josh Garvey,SS,18.0,,,,49.32,61.39,27.0,55.75,53.42,60.5,,,,1.0,0.0,1.5,-0.9,0.0,N/A,False,,31.67,43.29,44.2,48.05,32.64,,33.42,27.0,SS,48.05
60986,Winton Pushak,CF,17.0,,,,46.65,68.24,30.0,72.75,52.5,44.25,,,,1.62,0.0,2.0,-1.5,0.0,N/A,False,,,,,,34.8,45.99,34.65,30.0,CF,45.99
60987,Chris Crumel,3B,18.0,,,,36.88,52.03,25.0,52.25,49.7,48.75,,,,0.88,0.0,-2.0,-0.9,0.0,N/A,False,,28.89,38.96,40.36,,30.11,,30.52,25.0,3B,40.36
60988,Nate Camp,SP,18.0,,,,31.69,40.39,,,,,24.5,44.5,41.15,-0.42,0.0,0.0,-0.9,0.0,N/A,False,,,,,,,,,,SP,27.83
60989,Josh Adeniran,SP,18.0,,,,46.74,68.53,,,,,39.0,73.75,70.6,1.75,0.0,2.0,-0.9,0.0,N/A,False,,,,,,,,,,SP,45.32
60990,Foster Arthurs,CF,18.0,,,,31.65,44.13,23.75,47.75,44.25,36.5,,,,-0.31,0.0,-0.5,-0.9,0.0,N/A,False,,,,,,28.1,,,23.75,LF,28.1
60991,Chase Threats,SP,18.0,,,,29.97,36.91,,,,,21.75,44.5,40.92,-0.33,0.0,0.5,-0.9,0.0,N/A,False,,,,,,,,,,SP,20.59
60992,Chris Edwards,SP,18.0,,,,32.35,44.56,,,,,25.75,49.25,38.4,0.69,0.0,3.0,-0.9,0.0,N/A,False,,,,,,,,,,SP,25.78
60993,Mike Phillips,SS,17.0,,,,40.56,50.83,25.0,52.5,53.29,56.75,,,,0.94,0.0,-4.0,-1.5,0.0,N/A,False,,29.59,42.58,40.76,47.67,31.14,,31.78,25.0,SS,47.67
60994,Jeremy Little,2B,18.0,,,,36.25,56.13,23.25,52.25,43.83,39.25,,,,-0.06,0.0,2.5,-0.9,0.0,N/A,False,,25.62,35.76,,,28.11,,,23.25,2B,35.76
60995,Chris Bertram,CF,18.0,,,,45.17,65.53,29.0,65.5,50.0,54.25,,,,1.31,0.0,1.5,-0.9,0.0,N/A,False,,,,,,34.67,45.21,34.38,29.0,CF,45.21
60996,Steve Rigsby,SP,18.0,,,,32.95,44.75,,,,,25.75,47.25,47.1,0.62,0.0,3.0,-0.9,0.0,N/A,False,,,,,,,,,,SP,27.52
60997,Caleb Savini,SP,18.0,,,,33.17,45.5,,,,,26.25,47.75,47.77,0.69,0.0,0.5,-0.9,0.0,N/A,False,,,,,,,,,,SP,30.55
60998,Darrell Zimmerman,CL,17.0,,,,34.61,55.58,,,,,26.25,52.75,67.45,0.65,0.0,0.5,-1.5,-2.0,N/A,False,,,,,,,,,,RP,36.55
60999,Randy Burkhardt,RP,18.0,,,,32.57,38.92,,,,,26.0,42.0,44.44,0.0,0.0,1.5,-0.9,-2.0,N/A,False,,,,,,,,,,RP,30.61
61000,Erik Williams,SP,17.0,,,,34.55,49.91,,,,,27.75,48.25,64.28,0.52,0.0,0.0,-1.5,0.0,N/A,False,,,,,,,,,,SP,35.06
61001,Josh Canfield,C,18.0,,,,50.42,58.27,24.75,50.0,51.5,31.75,,,,0.81,0.0,0.0,-0.9,0.0,N/A,False,50.3,,,,,28.45,,29.09,24.75,C,50.3
61002,Chris Obeng,SP,18.0,,,,31.09,38.3,,,,,23.75,43.75,49.07,0.0,0.0,-1.0,-0.9,0.0,N/A,False,,,,,,,,,,SP,26.31
61003,Brad Bird,CL,17.0,,,,34.51,56.41,,,,,27.5,55.25,64.55,0.73,0.0,0.0,-1.5,-2.0,N/A,False,,,,,,,,,,RP,36.76
61004,Jadon Bethea,3B,17.0,,,,34.56,46.47,25.5,51.0,46.2,34.0,,,,0.81,0.0,-1.5,-1.5,0.0,N/A,False,,28.07,33.66,36.28,,29.24,,29.88,25.5,3B,36.28
61005,Devin Kuhlman,SP,18.0,,,,34.92,57.95,,,,,30.5,57.25,62.55,0.83,0.0,-2.0,-0.9,0.0,N/A,False,,,,,,,,,,SP,36.91
61006,Nate Coen,SP,17.0,,,,33.22,42.74,,,,,29.5,47.75,52.57,0.35,0.0,-2.0,-1.5,0.0,N/A,False,,,,,,,,,,SP,34.12
61007,Pat Jewell,CF,18.0,,,,30.96,40.32,22.5,45.75,47.0,32.25,,,,-0.31,0.0,-2.0,-0.9,0.0,N/A,False,,,,,,27.15,,,22.5,LF,27.15
61008,Doug Briggs,SP,17.0,,,,33.03,52.76,,,,,28.0,55.5,40.6,0.94,0.0,0.5,-1.5,0.0,N/A,False,,,,,,,,,,SP,30.52
61009,Dave Crockett,SP,18.0,,,,33.43,56.32,,,,,29.75,59.0,41.02,0.9,0.0,2.0,-0.9,0.0,N/A,False,,,,,,,,,,SP,29.51
61010,Gene Badon,C,18.0,,,,43.0,50.73,25.0,47.25,51.75,40.25,,,,0.62,0.0,0.0,-0.9,0.0,N/A,False,45.71,,,,,30.39,43.48,30.35,25.0,C,45.71
61011,Slavomír Schweikert,RP,17.0,,,,32.35,48.46,,,,,20.0,47.25,55.0,-0.19,0.0,3.5,-1.5,-2.0,N/A,False,,,,,,,,,,RP,28.75
61012,Juan Mancia,SP,18.0,,,,30.57,38.41,,,,,23.5,45.75,39.3,-0.33,0.0,-3.0,-0.9,0.0,N/A,False,,,,,,,,,,SP,26.66
61013,Kamar Torregano,2B,18.0,,,,35.6,57.61,28.75,58.5,43.75,46.5,,,,0.94,0.0,-2.5,-0.9,0.0,N/A,False,,31.26,38.62,,,32.33,,32.59,28.75,2B,38.62
61014,Tim Howard,1B,18.0,,,,31.07,42.9,23.25,45.75,39.0,29.25,,,,-0.38,0.0,0.5,-0.9,0.0,N/A,False,,25.12,,,,,,,23.25,1B,25.12
61015,Arturo Lind,2B,18.0,,,,34.53,40.81,21.0,41.75,49.12,46.25,,,,0.0,0.0,0.5,-0.9,0.0,N/A,False,,25.46,34.44,,,,,,21.0,2B,34.44
61016,Ben Boyles,SP,18.0,,,,31.47,39.19,,,,,21.75,41.5,46.27,0.0,0.0,0.0,-0.9,0.0,N/A,False,,,,,,,,,,SP,26.66
61017,Dan Greene,SP,18.0,,,,33.55,58.1,,,,,32.25,63.25,74.25,1.04,0.0,-4.0,-0.9,0.0,N/A,False,,,,,,,,,,SP,35.65
61018,Kellen Shank,RP,18.0,,,,38.1,65.46,,,,,33.5,70.0,67.4,1.56,0.0,-0.5,-0.9,-2.0,N/A,False,,,,,,,,,,RP,41.98
61019,Josh DeWit,SP,17.0,,,,31.51,36.48,,,,,21.0,35.75,52.95,0.0,0.0,0.0,-1.5,0.0,N/A,False,,,,,,,,,,SP,27.39
61020,Gregorio Cuellar,C,18.0,,,,41.13,48.48,25.25,50.0,48.92,23.5,,,,0.69,0.0,-0.5,-0.9,0.0,N/A,False,44.41,,,,,28.41,,28.26,25.25,C,44.41
61021,Lupe Castro,SP,18.0,,,,30.14,37.15,,,,,23.5,45.75,40.33,-0.33,0.0,0.0,-0.9,0.0,N/A,False,,,,,,,,,,SP,21.87
61022,Jon Bockhop,RP,17.0,,,,31.52,42.44,,,,,22.25,47.25,56.05,-0.27,0.0,-1.0,-1.5,-2.0,N/A,False,,,,,,,,,,RP,30.7
61023,Zyaire Vaval,RP,18.0,,,,35.81,62.91,,,,,28.75,63.0,65.9,0.9,0.0,0.5,-0.9,-2.0,N/A,False,,,,,,,,,,RP,38.04
61024,Tim Murray,SP,18.0,,,,35.4,54.29,,,,,25.75,47.5,64.5,0.69,0.0,2.5,-0.9,0.0,N/A,False,,,,,,,,,,SP,33.5
61025,Chris Ostrander,SP,18.0,,,,32.8,45.11,,,,,24.0,46.25,42.4,0.56,0.0,2.5,-0.9,0.0,N/A,False,,,,,,,,,,SP,27.68
61026,Joel Hostetler,SP,17.0,,,,29.78,32.78,,,,,24.5,38.0,44.38,0.0,0.0,-3.0,-1.5,0.0,N/A,False,,,,,,,,,,SP,23.48
61027,Chris Herman,C,18.0,,,,40.09,48.3,24.0,49.0,50.08,20.0,,,,-0.25,0.0,0.0,-0.9,0.0,N/A,False,43.75,,,,,27.09,,27.57,24.0,C,43.75
61028,Benji Reifler,RP,18.0,,,,32.95,49.73,,,,,23.75,49.5,64.55,-0.29,0.0,-0.5,-0.9,-2.0,N/A,False,,,,,,,,,,RP,33.95
61029,Mike Frenk,SS,17.0,,,,40.17,57.36,25.25,51.25,52.5,40.0,,,,0.81,0.0,4.0,-1.5,0.0,N/A,False,,28.66,38.09,39.38,,,,,25.25,3B,39.38
61030,Ken Bauter,CF,17.0,,,,41.99,54.98,27.75,56.25,52.33,65.75,,,,1.0,0.0,-2.0,-1.5,0.0,N/A,False,,,,,,35.11,47.04,35.04,27.75,CF,47.04
61031,Andres Luevano,SP,18.0,,,,29.01,34.36,,,,,20.0,43.25,47.32,0.0,0.0,-4.5,-0.9,0.0,N/A,False,,,,,,,,,,SP,20.46
61032,Bryson Rogalski,SP,18.0,,,,33.81,52.56,,,,,26.25,51.0,57.5,0.81,0.0,0.0,-0.9,0.0,N/A,False,,,,,,,,,,SP,32.5
61033,Chad Duncan,RP,18.0,,,,32.0,38.6,,,,,24.5,42.25,48.1,0.0,0.0,0.0,-0.9,-2.0,N/A,False,,,,,,,,,,RP,30.4
61034,Steve Grass,SS,19.0,,,,42.83,65.46,31.0,63.75,51.55,43.25,,,,1.12,0.0,2.5,-0.3,0.0,N/A,False,,33.61,41.79,41.96,,34.93,,35.3,31.0,3B,41.96
61035,Joe Cole,RP,18.0,,,,33.92,51.23,,,,,27.0,52.0,54.16,0.77,0.0,1.0,-0.9,-2.0,N/A,False,,,,,,,,,,RP,33.79
61036,Dave Kennedy,SP,17.0,,,,33.7,47.56,,,,,27.5,49.0,49.85,0.69,0.0,1.0,-1.5,0.0,N/A,False,,,,,,,,,,SP,31.97
61037,Josh Guhl,RP,18.0,,,,35.51,57.22,,,,,28.25,54.0,68.6,0.54,0.0,0.0,-0.9,-2.0,N/A,False,,,,,,,,,,RP,38.34
61038,Jake Rizzuto,LF,18.0,,,,32.71,44.46,26.25,47.5,47.25,25.25,,,,0.56,0.0,0.0,-0.9,0.0,N/A,False,,27.68,,,,29.6,,29.94,26.25,RF,29.94
61039,David de la Guardia,C,18.0,,,,42.51,53.68,26.25,54.5,48.42,26.0,,,,0.88,0.0,-1.5,-0.9,0.0,N/A,False,46.54,,,,,29.04,,29.04,26.25,C,46.54
61040,Makai Drumgold,C,18.0,,,,41.62,51.15,26.75,48.5,46.75,28.25,,,,0.56,0.0,3.0,-0.9,0.0,N/A,False,41.52,29.45,,,,,,28.81,26.75,C,41.52
61041,Jamie DeMora,2B,18.0,,,,36.74,65.87,29.25,67.75,44.83,46.25,,,,1.44,0.0,0.0,-0.9,0.0,N/A,False,,31.98,37.59,,,32.94,,,29.25,2B,37.59
61042,Erik Benson,SP,17.0,,,,32.54,42.83,,,,,26.25,47.25,44.95,0.62,0.0,0.0,-1.5,0.0,N/A,False,,,,,,,,,,SP,29.99
61043,Prince Dasent,3B,18.0,,,,33.38,40.32,23.75,46.75,46.75,39.25,,,,-0.38,0.0,-3.0,-0.9,0.0,N/A,False,,,35.65,,,,,,23.75,2B,35.65
61044,Mike Hoffmeier,RP,18.0,,,,34.56,54.79,,,,,26.75,52.75,62.75,0.75,0.0,0.5,-0.9,-2.0,N/A,False,,,,,,,,,,RP,35.75
61045,Jake Lasenby,SS,18.0,,,,37.27,54.43,26.0,54.5,49.9,38.5,,,,1.0,0.0,-1.0,-0.9,0.0,N/A,False,,29.12,39.85,39.22,,29.95,,30.33,26.0,2B,39.85
61046,Josh Conley,RF,18.0,,,,32.26,48.75,23.75,48.75,46.25,28.5,,,,-0.25,0.0,1.5,-0.9,0.0,N/A,False,,,,,,27.26,,27.94,23.75,RF,27.94
61047,Alejandro Meza,SP,18.0,,,,33.08,47.74,,,,,26.75,50.25,44.9,0.6,0.0,0.5,-0.9,0.0,N/A,False,,,,,,,,,,SP,30.38
61048,Joe Hildreth,RF,17.0,,,,32.12,43.38,25.5,47.75,47.5,30.5,,,,0.56,0.0,-0.5,-1.5,0.0,N/A,False,,,,,,,,29.3,25.5,RF,29.3
61049,Tyshawn Baylark,LF,18.0,,,,32.77,43.5,26.25,47.25,41.0,47.5,,,,0.56,0.0,-0.5,-0.9,0.0,N/A,False,,,,,,30.59,,,26.25,LF,30.59
61050,Murdoch Hartling,SP,17.0,,,,32.02,44.0,,,,,23.5,46.5,52.75,-0.29,0.0,0.0,-1.5,0.0,N/A,False,,,,,,,,,,SP,29.35
61051,Pete Oberholtzer,SP,18.0,,,,30.84,36.84,,,,,23.75,42.25,44.35,0.0,0.0,-3.5,-0.9,0.0,N/A,False,,,,,,,,,,SP,27.87
61052,Alejandro Bernal,SP,18.0,,,,31.58,44.21,,,,,21.75,46.75,49.55,-0.27,0.0,0.0,-0.9,0.0,N/A,False,,,,,,,,,,SP,27.31
61053,Emmett Fiefield,CF,18.0,,,,53.86,62.33,26.0,57.25,58.25,38.75,,,,1.12,0.0,0.0,-0.9,0.0,N/A,False,,28.94,36.39,,,33.42,51.99,32.98,26.0,CF,51.99
61054,Nate Crooks,1B,18.0,,,,29.9,41.03,21.25,45.0,0.0,26.75,,,,-0.31,0.0,-0.5,-0.9,0.0,N/A,False,,,,,,,,,21.25,DH,21.25
61055,Curt Campos,1B,17.0,,,,31.3,53.91,23.5,53.75,44.25,24.25,,,,0.0,0.0,0.0,-1.5,0.0,N/A,False,,,,,,26.69,,,23.5,LF,26.69
61056,Jaterian Jones,RF,17.0,,,,30.89,37.65,24.0,44.0,41.88,35.75,,,,0.0,0.0,-3.0,-1.5,0.0,N/A,False,,,,,,27.54,,28.18,24.0,RF,28.18
61057,Nate Auer,SP,18.0,,,,32.52,44.44,,,,,26.25,49.0,38.95,0.67,0.0,0.5,-0.9,0.0,N/A,False,,,,,,,,,,SP,28.79
61058,Steve Thomas,C,19.0,,,,47.93,62.32,26.75,58.75,50.5,20.0,,,,1.0,0.0,2.0,-0.3,0.0,N/A,False,46.19,,,,,29.04,,29.56,26.75,C,46.19
61059,Jamir Afolabi,SP,18.0,,,,32.59,40.14,,,,,22.75,39.5,62.3,0.0,0.0,-0.5,-0.9,0.0,N/A,False,,,,,,,,,,SP,30.66
61060,Ben Hunter,C,18.0,,,,43.23,53.29,27.75,52.75,48.62,38.25,,,,0.75,0.0,0.0,-0.9,0.0,N/A,False,45.77,,,,,,,31.31,27.75,C,45.77
61061,Kuniaki Shirakawa,SP,18.0,,,,34.25,47.5,,,,,27.25,46.75,48.17,0.4,0.0,2.5,-0.9,0.0,N/A,False,,,,,,,,,,SP,31.44
61062,Kevin McClure,RP,18.0,,,,31.31,38.87,,,,,21.5,42.75,41.98,0.0,0.0,1.5,-0.9,-2.0,N/A,False,,,,,,,,,,RP,26.62
61063,Alfredo Chicas,RP,17.0,,,,32.29,40.11,,,,,26.0,45.0,47.5,0.0,0.0,0.5,-1.5,-2.0,N/A,False,,,,,,,,,,RP,31.38
61064,Joe Whitehead,SP,18.0,,,,31.38,38.96,,,,,21.75,41.5,42.35,0.0,0.0,0.5,-0.9,0.0,N/A,False,,,,,,,,,,SP,25.87
61065,Tim Schrader,CF,18.0,,,,40.68,61.13,27.5,60.75,50.0,39.25,,,,1.12,0.0,-1.0,-0.9,0.0,N/A,False,,,,,,32.05,44.01,31.75,27.5,CF,44.01
61066,Ed Rutledge,RP,18.0,,,,34.58,52.22,,,,,28.5,52.0,60.4,0.56,0.0,0.0,-0.9,-2.0,N/A,False,,,,,,,,,,RP,36.48
61067,Joe Balistreri,RP,18.0,,,,31.87,39.7,,,,,24.25,45.0,45.24,0.5,0.0,0.0,-0.9,-2.0,N/A,False,,,,,,,,,,RP,29.5
61068,Tommy Gripentrog,C,18.0,,,,39.67,47.38,24.0,48.75,46.0,27.5,,,,-0.25,0.0,-0.5,-0.9,0.0,N/A,False,43.77,,,,,26.75,,,24.0,C,43.77
61069,Sincere Broaden,SP,18.0,,,,33.78,43.97,,,,,28.25,46.0,61.62,0.31,0.0,0.5,-0.9,0.0,N/A,False,,,,,,,,,,SP,32.43
61070,Eloy Quiroga,SP,18.0,,,,31.77,38.12,,,,,22.75,39.5,47.3,0.0,0.0,0.0,-0.9,0.0,N/A,False,,,,,,,,,,SP,27.66
61071,Mike Ferch,RP,18.0,,,,32.02,42.68,,,,,25.25,48.5,48.73,-0.17,0.0,-0.5,-0.9,-2.0,N/A,False,,,,,,,,,,RP,31.12
61072,Junior Stack,SP,18.0,,,,31.7,38.24,,,,,23.75,41.0,42.17,0.0,0.0,0.0,-0.9,0.0,N/A,False,,,,,,,,,,SP,27.44
61073,Reese Hartling,C,18.0,,,,45.62,54.47,25.25,48.75,53.17,26.25,,,,0.69,0.0,1.0,-0.9,0.0,N/A,False,46.65,,,,,29.02,,29.66,25.25,C,46.65
61074,Eric Bowman,RP,18.0,,,,39.33,63.73,,,,,35.25,64.75,80.0,1.19,0.0,-3.0,-0.9,-2.0,N/A,False,,,,,,,,,,RP,46.44
61075,Joe Sumner,SP,18.0,,,,30.41,37.7,,,,,24.5,46.25,42.35,-0.42,0.0,0.0,-0.9,0.0,N/A,False,,,,,,,,,,SP,23.07
61076,Kevin Pearce,SP,17.0,,,,32.84,47.56,,,,,24.0,48.25,52.85,0.69,0.0,1.0,-1.5,0.0,N/A,False,,,,,,,,,,SP,29.77
61077,Eric Tarlow,SP,18.0,,,,33.55,48.26,,,,,26.0,48.25,54.37,0.52,0.0,0.5,-0.9,0.0,N/A,False,,,,,,,,,,SP,31.68
61078,Jeremy Cunningham,SP,18.0,,,,32.64,45.29,,,,,26.75,49.75,44.02,0.6,0.0,2.0,-0.9,0.0,N/A,False,,,,,,,,,,SP,27.71
61079,Mike Hooper,RF,18.0,,,,32.91,58.16,28.0,58.5,44.25,40.5,,,,0.94,0.0,-2.0,-0.9,0.0,N/A,False,,29.93,,,,31.76,,32.1,28.0,RF,32.1
61080,Jeff Lee,SS,18.0,,,,36.64,45.64,26.75,46.75,46.3,34.0,,,,0.5,0.0,1.0,-0.9,0.0,N/A,False,,29.54,35.46,37.35,,29.69,,30.21,26.75,3B,37.35
61081,Danny Childress,SP,17.0,,,,31.98,39.96,,,,,24.5,44.0,63.8,0.56,0.0,-4.0,-1.5,0.0,N/A,False,,,,,,,,,,SP,32.36
61082,Josh Wright,SP,18.0,,,,31.15,40.32,,,,,22.75,45.0,51.28,-0.42,0.0,0.0,-0.9,0.0,N/A,False,,,,,,,,,,SP,25.96
61083,Shamel Lavalais,SP,18.0,,,,29.49,33.39,,,,,21.75,39.0,50.5,0.0,0.0,-1.5,-0.9,0.0,N/A,False,,,,,,,,,,SP,20.0
61084,Johnny Stallmann,SP,18.0,,,,32.05,44.46,,,,,21.75,45.0,42.5,-0.33,0.0,3.0,-0.9,0.0,N/A,False,,,,,,,,,,SP,25.9
61085,Price Marcotte,LF,18.0,,,,33.26,54.43,26.25,54.0,44.25,52.0,,,,0.94,0.0,-0.5,-0.9,0.0,N/A,False,,,,,,31.52,,,26.25,LF,31.52
61086,Steve Mills,RF,18.0,,,,31.68,44.46,23.5,48.0,42.25,41.0,,,,-0.31,0.0,-0.5,-0.9,0.0,N/A,False,,,,,,27.95,,28.18,23.5,RF,28.18
61634,Chris Meyers,RP,23.0,,,,39.5,42.63,,,,,38.75,43.0,53.46,0.0,0.0,0.0,1.5,-2.0,N/A,False,,,,,,,,,,RP,42.43
61640,Kevin Palmieri,SP,18.0,,,,32.69,41.43,,,,,28.5,47.25,43.0,0.54,0.0,-1.5,-0.9,0.0,N/A,False,,,,,,,,,,SP,31.4
61697,Ian Cornelius,RP,23.0,,,,34.69,37.47,,,,,30.5,37.0,45.98,0.0,0.0,0.5,1.5,-2.0,N/A,False,,,,,,,,,,RP,34.37
61714,Mike James,SP,23.0,,,,35.15,36.98,,,,,33.25,37.25,38.53,0.0,0.0,-0.5,1.5,0.0,N/A,False,,,,,,,,,,SP,34.31
61718,Tristan Whaley,SP,22.0,,,,35.05,38.72,,,,,37.75,45.5,47.8,0.33,0.0,-1.5,1.5,0.0,N/A,False,,,,,,,,,,SP,34.76
61738,Steve Merkerson,CL,17.0,,,,34.01,55.16,,,,,28.75,56.75,64.2,0.77,0.0,-2.0,-1.5,-2.0,N/A,False,,,,,,,,,,RP,37.61
61739,Pat Carter,CF,21.0,,,,56.49,59.6,34.0,43.75,60.0,54.75,,,,0.0,0.0,0.0,0.9,0.0,N/A,False,,,,,,39.98,53.24,39.68,34.0,CF,53.24
61740,Tony Stanfield,C,21.0,,,,54.52,58.47,39.0,53.5,50.1,26.5,,,,0.69,0.0,1.5,0.9,0.0,N/A,False,49.58,39.18,,42.65,,39.4,,39.4,39.0,C,49.58
61741,Maor Luca Backscheider,C,21.0,,,,47.48,65.2,39.75,61.0,45.75,30.0,,,,0.94,0.0,3.5,0.9,0.0,N/A,False,43.29,,,,,39.71,,,39.75,C,43.29
61742,Chris Blackman,SP,17.0,,,,30.16,36.74,,,,,20.0,41.75,36.1,0.0,0.0,1.5,-1.5,0.0,N/A,False,,,,,,,,,,SP,20.72
61743,Ernie Fissel,LF,22.0,,,,37.82,45.71,36.75,45.5,42.5,33.75,,,,0.44,0.0,0.5,1.5,0.0,N/A,False,,,,,,37.31,,,36.75,LF,37.31
61744,Josh Allendorf,CL,20.0,,,,45.5,57.24,,,,,43.0,53.5,65.39,0.46,0.0,0.0,0.3,-2.0,N/A,False,,,,,,,,,,RP,48.6
61745,Juan Espinoza,RP,21.0,,,,37.77,46.2,,,,,37.25,48.75,49.45,0.48,0.0,0.0,0.9,-2.0,N/A,False,,,,,,,,,,RP,40.3
61746,D.J. Gilmore,CF,17.0,,,,44.86,55.97,25.25,50.5,53.12,41.25,,,,0.75,0.0,-0.5,-1.5,0.0,N/A,False,,27.82,,,,31.73,48.15,30.94,25.25,CF,48.15
61747,Marc Delcambre,LF,22.0,,,,37.09,41.43,37.0,43.0,48.75,25.75,,,,0.0,0.0,-0.5,1.5,0.0,N/A,False,,,,,,37.6,,37.68,37.0,RF,37.68
61748,Danny Farmer,CF,22.0,,,,54.36,59.41,42.25,55.25,48.85,61.5,,,,0.69,0.0,0.0,1.5,0.0,N/A,False,,43.49,45.52,,,45.6,50.36,45.19,42.25,CF,50.36
61749,Mike Rigby,RP,22.0,,,,43.78,57.44,,,,,41.75,54.25,59.05,0.5,0.0,0.0,1.5,-2.0,N/A,False,,,,,,,,,,RP,46.08
61750,Bob Hinckley,CF,21.0,,,,55.51,66.63,44.5,67.75,53.5,54.75,,,,1.12,0.0,0.0,0.9,0.0,N/A,False,,,,,,46.76,51.35,,44.5,CF,51.35
61751,Nelson Mottu,2B,22.0,,,,53.17,64.21,46.75,62.0,49.58,28.5,,,,1.75,0.0,0.0,1.5,0.0,N/A,False,,45.86,48.52,,,44.96,,,46.75,2B,48.52
61752,Amari Rainge,3B,20.0,,,,40.42,46.91,36.75,48.5,48.6,26.5,,,,0.56,0.0,-1.0,0.3,0.0,N/A,False,,37.76,38.54,43.1,,37.34,,37.49,36.75,3B,43.1
61753,Jake Steer,2B,21.0,,,,46.14,54.75,41.0,49.75,48.75,50.75,,,,0.44,0.0,2.0,0.9,0.0,N/A,False,,42.49,44.45,,,,,,41.0,2B,44.45
61754,R.J. Allen,CF,22.0,,,,59.89,63.19,39.75,57.5,57.5,73.75,,,,0.94,0.0,0.0,1.5,0.0,N/A,False,,,,,,45.81,54.94,45.36,39.75,CF,54.94
61755,Gavyn Hudson,LF,18.0,,,,34.17,61.33,31.5,60.5,41.62,37.0,,,,0.94,0.0,-0.5,-0.9,0.0,N/A,False,,,,,,33.44,,33.7,31.5,RF,33.7
61756,Pete Branch,RP,21.0,,,,54.22,59.75,,,,,48.25,56.25,64.55,1.23,0.0,0.0,0.9,-2.0,N/A,False,,,,,,,,,,RP,52.33
61757,Nate Christensen,RP,22.0,,,,35.2,38.74,,,,,35.5,43.5,37.43,0.42,0.0,-0.5,1.5,-2.0,N/A,False,,,,,,,,,,RP,35.98
61758,Jesus Maese,RF,18.0,,,,31.75,41.79,24.0,45.25,47.88,24.0,,,,-0.44,0.0,0.0,-0.9,0.0,N/A,False,,,,,,27.11,,28.05,24.0,RF,28.05
61759,Julio Ramirez,RF,22.0,,,,47.03,56.44,41.25,49.5,56.25,37.0,,,,0.44,0.0,3.0,1.5,0.0,N/A,False,,,,,,42.74,,43.41,41.25,RF,43.41
61760,Sergio Carvajal,C,21.0,,,,44.79,46.53,40.0,46.0,51.25,24.25,,,,0.31,0.0,1.0,0.9,0.0,N/A,False,44.64,,,,,40.3,,40.45,40.0,C,44.64
61761,Phil Williams,SS,21.0,,,,56.38,66.92,47.75,69.5,53.6,46.75,,,,2.06,0.0,-1.0,0.9,0.0,N/A,False,,48.52,51.02,52.09,,47.72,,48.14,47.75,3B,52.09
61762,Dave Robinson,CF,21.0,,,,38.15,44.93,36.5,45.5,49.5,45.0,,,,0.0,0.0,0.0,0.9,0.0,N/A,False,,,,,,39.3,,,36.5,LF,39.3
61763,Eric Lyles,CL,21.0,,,,47.07,59.89,,,,,41.0,53.75,72.65,0.56,0.0,0.0,0.9,-2.0,N/A,False,,,,,,,,,,RP,48.91
61764,Bobby Rothman,RP,18.0,,,,34.12,40.87,,,,,29.75,43.5,54.85,0.0,0.0,0.0,-0.9,-2.0,N/A,False,,,,,,,,,,RP,36.02
61765,Joe Neville,SP,18.0,,,,36.4,54.87,,,,,29.25,49.0,78.05,0.46,0.0,-1.0,-0.9,0.0,N/A,False,,,,,,,,,,SP,39.01
61766,Joe Fitzgerald,CF,18.0,,,,33.53,45.97,26.5,48.5,47.5,47.75,,,,0.56,0.0,0.0,-0.9,0.0,N/A,False,,,,,,31.48,,32.08,26.5,RF,32.08
61767,Jon Donnelly,SP,21.0,,,,35.57,40.58,,,,,37.5,47.0,38.15,0.56,0.0,-3.0,0.9,0.0,N/A,False,,,,,,,,,,SP,37.63
61768,David Heredia,RP,22.0,,,,35.93,40.22,,,,,34.5,42.5,49.5,0.0,0.0,-1.0,1.5,-2.0,N/A,False,,,,,,,,,,RP,38.25
61769,Kevin Stout,RP,22.0,,,,35.89,38.71,,,,,37.25,43.5,39.29,0.42,0.0,-1.0,1.5,-2.0,N/A,False,,,,,,,,,,RP,37.76
61770,Josh Picillo,CF,19.0,,,,49.98,59.01,28.0,52.0,56.5,35.0,,,,0.75,0.0,2.5,-0.3,0.0,N/A,False,,,,,,32.94,47.04,,28.0,CF,47.04
61771,Chris Dance,SP,18.0,,,,35.55,57.16,,,,,30.0,54.25,61.02,0.75,0.0,0.0,-0.9,0.0,N/A,False,,,,,,,,,,SP,36.2
61772,Brad Phillips,SP,21.0,,,,36.3,39.12,,,,,39.5,45.0,45.3,0.33,0.0,-2.0,0.9,0.0,N/A,False,,,,,,,,,,SP,38.16
61773,Danny Graber,SS,22.0,,,,55.41,63.64,41.5,60.5,56.17,51.0,,,,1.0,0.0,0.5,1.5,0.0,N/A,False,,43.52,48.75,50.3,,44.33,50.1,44.7,41.5,3B,50.3
61774,Sergio Berry,CF,21.0,,,,58.58,66.22,45.75,66.75,52.12,43.5,,,,2.0,0.0,0.0,0.9,0.0,N/A,False,,45.06,,,,47.02,53.11,46.99,45.75,CF,53.11
61775,Jim Platts,CL,20.0,,,,41.88,63.97,,,,,37.25,63.5,68.6,1.04,0.0,0.0,0.3,-2.0,N/A,False,,,,,,,,,,RP,45.09
61776,Alvaro Ybarra,3B,18.0,,,,36.22,44.83,25.5,45.75,47.33,39.0,,,,0.5,0.0,0.0,-0.9,0.0,N/A,False,,28.43,,37.65,,,,29.48,25.5,3B,37.65
61777,Andy Kayser,1B,21.0,,,,53.99,62.11,42.5,56.75,54.25,26.75,,,,0.69,0.0,2.5,0.9,0.0,N/A,False,,43.46,,,,42.27,48.21,42.5,42.5,CF,48.21
61778,Eric Ackels,RP,22.0,,,,38.5,44.61,,,,,38.0,46.5,45.35,0.33,0.0,1.0,1.5,-2.0,N/A,False,,,,,,,,,,RP,39.84
61779,Jim Newton,RP,21.0,,,,36.55,40.87,,,,,35.25,42.75,47.9,0.0,0.0,0.5,0.9,-2.0,N/A,False,,,,,,,,,,RP,38.41
61780,Dan Thorson,SP,20.0,,,,36.62,43.1,,,,,34.5,44.0,40.1,0.0,0.0,2.0,0.3,0.0,N/A,False,,,,,,,,,,SP,35.62
61781,Pat Hughes,SP,18.0,,,,34.63,55.65,,,,,27.25,52.25,52.9,0.77,0.0,2.0,-0.9,0.0,N/A,False,,,,,,,,,,SP,32.38
61782,Jared Ferrucci,C,21.0,,,,59.85,61.51,41.0,51.0,47.33,41.25,,,,0.5,0.0,2.5,0.9,0.0,N/A,False,53.44,,,,,40.99,,41.25,41.0,C,53.44
61783,Mike Bell,RF,21.0,,,,35.96,45.21,33.5,46.25,49.25,29.0,,,,0.12,0.0,0.0,0.9,0.0,N/A,False,,34.42,,,,35.79,,35.67,33.5,LF,35.79
61784,Chris Breitkreutz,SP,20.0,,,,37.52,47.31,,,,,37.75,50.0,51.12,0.58,0.0,-2.0,0.3,0.0,N/A,False,,,,,,,,,,SP,40.43
61785,Bobby Edwards,SP,17.0,,,,33.34,47.52,,,,,23.75,46.25,63.25,0.62,0.0,0.5,-1.5,0.0,N/A,False,,,,,,,,,,SP,31.65
61786,Chris Gardner,SP,21.0,,,,32.67,37.77,,,,,26.5,39.25,46.9,0.0,0.0,-2.0,0.9,0.0,N/A,False,,,,,,,,,,SP,30.58
61787,Chris Mashburn,RF,22.0,,,,47.93,64.75,42.25,60.5,46.62,50.75,,,,1.0,0.0,2.5,1.5,0.0,N/A,False,,,,,,43.62,,43.89,42.25,RF,43.89
61788,Kevin Purcell,CL,17.0,,,,31.83,41.77,,,,,25.0,49.25,47.55,0.81,0.0,-1.0,-1.5,-2.0,N/A,False,,,,,,,,,,RP,30.64
61789,Jonathan Buckley,SP,18.0,,,,33.85,44.54,,,,,26.5,44.75,63.8,0.46,0.0,-1.0,-0.9,0.0,N/A,False,,,,,,,,,,SP,33.96
61790,Jamie Peters,SP,22.0,,,,43.89,55.86,,,,,39.0,49.0,52.2,0.52,0.0,2.5,1.5,0.0,N/A,False,,,,,,,,,,SP,41.64
61791,Mike Lipp,RP,21.0,,,,41.49,52.89,,,,,39.5,50.25,60.04,0.52,0.0,0.0,0.9,-2.0,N/A,False,,,,,,,,,,RP,44.63
61792,Josh Schneider,SP,20.0,,,,36.51,45.56,,,,,34.5,46.75,45.97,0.15,0.0,0.5,0.3,0.0,N/A,False,,,,,,,,,,SP,36.8
61793,Edgar Rodas,C,21.0,,,,57.5,59.55,41.0,51.0,49.08,27.0,,,,0.5,0.0,0.0,0.9,0.0,N/A,False,53.6,,,,,39.94,,40.05,41.0,C,53.6
61794,Diosmeli Moon,SP,21.0,,,,33.57,37.2,,,,,29.5,38.25,41.7,0.0,0.0,1.5,0.9,0.0,N/A,False,,,,,,,,,,SP,29.44
61795,Jesus Correa,RP,21.0,,,,37.28,40.89,,,,,38.5,44.5,46.75,0.0,0.0,-0.5,0.9,-2.0,N/A,False,,,,,,,,,,RP,40.56
61796,Gabe Bachman,2B,22.0,,,,46.53,51.74,40.25,47.5,45.75,57.25,,,,0.38,0.0,0.5,1.5,0.0,N/A,False,,41.37,45.66,,,,,,40.25,2B,45.66
61797,Al Hollingsworth,C,18.0,,,,41.3,50.73,24.0,49.0,47.58,39.0,,,,-0.25,0.0,0.5,-0.9,0.0,N/A,False,44.52,,,,,28.5,,28.88,24.0,C,44.52
61798,Delon Telesford,SP,22.0,,,,42.32,51.91,,,,,41.25,49.5,47.1,0.42,0.0,0.5,1.5,0.0,N/A,False,,,,,,,,,,SP,42.42
61799,J.D. Rice,RP,22.0,,,,38.21,48.35,,,,,34.75,46.75,58.25,0.17,0.0,0.0,1.5,-2.0,N/A,False,,,,,,,,,,RP,40.62
61800,Ricky St. Claire,SP,18.0,,,,35.76,53.78,,,,,31.75,52.0,47.3,0.48,0.0,2.0,-0.9,0.0,N/A,False,,,,,,,,,,SP,34.86
61801,Juan Rangel,CF,18.0,,,,46.39,57.89,27.5,54.75,53.5,46.25,,,,0.88,0.0,1.5,-0.9,0.0,N/A,False,,,,,,33.01,46.48,,27.5,CF,46.48
61802,Alexis Salgado,SP,21.0,,,,34.24,37.71,,,,,31.0,38.75,45.97,0.0,0.0,-1.5,0.9,0.0,N/A,False,,,,,,,,,,SP,33.99
61803,Pete Yost,CF,21.0,,,,58.25,61.23,40.0,53.25,57.67,48.5,,,,0.69,0.0,1.0,0.9,0.0,N/A,False,,,,,,43.62,53.1,43.1,40.0,CF,53.1
61804,Jake Zimmerman,CL,21.0,,,,44.76,57.32,,,,,42.25,53.75,66.53,0.6,0.0,-1.0,0.9,-2.0,N/A,False,,,,,,,,,,RP,48.32
61805,Luis Bravo,CF,22.0,,,,58.61,62.46,42.0,59.0,52.25,64.0,,,,0.88,0.0,0.0,1.5,0.0,N/A,False,,42.9,,,,46.41,53.66,46.0,42.0,CF,53.66
61806,Bob Coyle,RP,21.0,,,,36.72,46.8,,,,,35.75,50.25,56.48,0.75,0.0,-2.5,0.9,-2.0,N/A,False,,,,,,,,,,RP,40.93
61807,Jeremy Shaffer,RF,21.0,,,,48.59,60.56,40.0,57.25,48.67,48.75,,,,0.94,0.0,0.0,0.9,0.0,N/A,False,,,,,,42.11,47.43,41.92,40.0,CF,47.43
61808,Luis Perea,C,21.0,,,,41.95,43.68,37.0,43.0,48.75,20.0,,,,0.0,0.0,-2.0,0.9,0.0,N/A,False,45.6,,,,,,,36.8,37.0,C,45.6
61809,Jonathan Hough,SS,21.0,,,,40.56,57.67,40.0,57.25,49.0,38.0,,,,0.81,0.0,-3.0,0.9,0.0,N/A,False,,40.9,44.3,44.4,,,,40.7,40.0,3B,44.4
61810,Mike Simon,SP,18.0,,,,33.12,42.48,,,,,27.25,45.5,44.9,0.31,0.0,0.5,-0.9,0.0,N/A,False,,,,,,,,,,SP,30.78
61811,Jared Odierno,SP,21.0,,,,41.65,55.5,,,,,39.5,51.75,57.85,0.65,0.0,-0.5,0.9,0.0,N/A,False,,,,,,,,,,SP,43.17
61812,Danny Hemenway,CF,21.0,,,,50.94,61.56,42.25,60.5,51.35,60.75,,,,0.94,0.0,-2.0,0.9,0.0,N/A,False,,43.75,46.58,,,45.75,50.65,45.86,42.25,CF,50.65
61813,Josh Lenke,SS,18.0,,,,40.54,52.05,26.25,56.0,50.08,59.0,,,,1.06,0.0,-4.0,-0.9,0.0,N/A,False,,30.36,42.12,41.05,46.92,31.81,,32.04,26.25,SS,46.92
61814,Gene Foloida,SP,22.0,,,,44.1,51.12,,,,,39.25,44.75,53.9,0.15,0.0,2.5,1.5,0.0,N/A,False,,,,,,,,,,SP,42.18
61815,Noe Carrillo,RP,21.0,,,,35.36,40.83,,,,,35.0,45.25,54.25,0.0,0.0,-3.0,0.9,-2.0,N/A,False,,,,,,,,,,RP,39.81
61816,Mike Cox,SP,22.0,,,,41.14,50.0,,,,,37.0,45.25,61.5,0.31,0.0,0.0,1.5,0.0,N/A,False,,,,,,,,,,SP,41.9
61817,Dave Daniel,RF,21.0,,,,52.81,64.43,42.5,62.5,51.0,60.5,,,,1.06,0.0,0.5,0.9,0.0,N/A,False,,,,,,45.39,49.09,45.72,42.5,CF,49.09
61818,Willie Yoder,RP,18.0,,,,31.61,37.94,,,,,25.25,43.5,44.75,0.0,0.0,-1.0,-0.9,-2.0,N/A,False,,,,,,,,,,RP,30.12
61819,Bob Motley,RP,21.0,,,,35.73,40.24,,,,,33.75,42.25,48.73,0.0,0.0,0.0,0.9,-2.0,N/A,False,,,,,,,,,,RP,37.49
61820,Kinnon Braine,2B,18.0,,,,38.79,50.64,28.0,50.0,50.38,42.0,,,,0.62,0.0,0.0,-0.9,0.0,N/A,False,,31.2,41.33,,,32.33,,32.18,28.0,2B,41.33
61821,Sergio Soto,CL,21.0,,,,41.26,57.29,,,,,37.75,53.5,63.15,0.83,0.0,0.0,0.9,-2.0,N/A,False,,,,,,,,,,RP,44.1
61822,Josh Campbell,SP,22.0,,,,32.9,37.38,,,,,31.5,42.75,49.57,0.0,0.0,-1.5,1.5,0.0,N/A,False,,,,,,,,,,SP,30.12
61823,Joe Hudson,SP,21.0,,,,42.02,57.06,,,,,35.75,49.0,75.1,0.54,0.0,-0.5,0.9,0.0,N/A,False,,,,,,,,,,SP,43.62
61824,Jace Ladner,SP,22.0,,,,40.67,50.03,,,,,36.0,45.0,45.07,0.42,0.0,3.5,1.5,0.0,N/A,False,,,,,,,,,,SP,37.81
61825,Danny Green,RP,21.0,,,,36.28,47.45,,,,,31.25,46.25,56.08,0.0,0.0,1.0,0.9,-2.0,N/A,False,,,,,,,,,,RP,37.46
61826,Steve Comes,SP,22.0,,,,40.67,48.36,,,,,40.0,47.75,52.17,0.29,0.0,-1.0,1.5,0.0,N/A,False,,,,,,,,,,SP,42.44
61827,Chris Spears,LF,20.0,,,,36.37,46.55,35.25,47.75,50.38,24.25,,,,0.62,0.0,0.0,0.3,0.0,N/A,False,,,,,,36.25,,36.59,35.25,RF,36.59
61828,Bubba Maier,SP,21.0,,,,38.32,45.26,,,,,39.5,48.5,42.43,0.46,0.0,-1.0,0.9,0.0,N/A,False,,,,,,,,,,SP,40.09
61829,Greg Winter,SS,21.0,,,,48.5,61.74,43.0,59.75,50.1,52.75,,,,0.88,0.0,-1.0,0.9,0.0,N/A,False,,44.29,48.14,48.44,,44.39,,44.65,43.0,3B,48.44
61830,Joe Pearman,SP,22.0,,,,38.26,41.79,,,,,33.25,38.25,43.75,0.0,0.0,3.5,1.5,0.0,N/A,False,,,,,,,,,,SP,35.35
61831,Dequincy Kirk,SP,21.0,,,,39.62,47.54,,,,,35.5,43.75,53.8,0.0,0.0,2.0,0.9,0.0,N/A,False,,,,,,,,,,SP,39.16
61832,Lyle Lortie,C,19.0,,,,45.16,53.99,26.75,45.5,53.94,24.0,,,,0.44,0.0,2.0,-0.3,0.0,N/A,False,33.96,,,,,31.01,44.98,32.44,26.75,CF,44.98
61833,Jaime Lind,SP,18.0,,,,33.77,47.99,,,,,30.0,51.5,55.6,0.6,0.0,0.0,-0.9,0.0,N/A,False,,,,,,,,,,SP,32.62
61834,Luis Arteaga,CL,21.0,,,,57.67,65.57,,,,,46.5,63.5,68.6,1.73,0.0,2.5,0.9,-2.0,N/A,False,,,,,,,,,,RP,52.02
61835,Chris Burkey,SP,21.0,,,,39.05,42.94,,,,,39.5,44.5,46.9,0.0,0.0,-0.5,0.9,0.0,N/A,False,,,,,,,,,,SP,40.98
61836,Bramdon Cooney,RP,20.0,,,,40.24,53.23,,,,,38.0,50.75,65.8,0.52,0.0,-1.0,0.3,-2.0,N/A,False,,,,,,,,,,RP,44.95
61837,Frank Faz,SP,18.0,,,,32.64,46.96,,,,,28.5,53.0,36.55,0.69,0.0,2.0,-0.9,0.0,N/A,False,,,,,,,,,,SP,27.61
61838,Marquis Gabbidon,SP,21.0,,,,36.8,45.56,,,,,35.0,47.25,45.97,0.62,0.0,-0.5,0.9,0.0,N/A,False,,,,,,,,,,SP,37.2
61839,Herb Zwicker,SS,22.0,,,,57.11,61.49,42.0,54.75,53.62,46.25,,,,0.69,0.0,0.0,1.5,0.0,N/A,False,,44.11,49.85,51.44,52.48,41.83,,42.58,42.0,SS,52.48
61840,Sam Kerr,CF,21.0,,,,58.25,61.54,41.25,56.25,58.67,68.25,,,,0.81,0.0,0.0,0.9,0.0,N/A,False,,,,,,46.5,53.98,46.61,41.25,CF,53.98
61841,Nate Mathison,CL,21.0,,,,38.27,51.94,,,,,38.75,54.0,38.54,0.77,0.0,2.0,0.9,-2.0,N/A,False,,,,,,,,,,RP,38.7
61842,Jamie Goss,RP,21.0,,,,39.22,48.31,,,,,37.25,48.0,52.83,0.54,0.0,1.0,0.9,-2.0,N/A,False,,,,,,,,,,RP,41.14
61843,Josh Leff,CF,18.0,,,,41.95,57.61,29.0,56.0,49.83,53.5,,,,0.88,0.0,0.0,-0.9,0.0,N/A,False,,,,,,34.45,44.52,34.52,29.0,CF,44.52
61844,Zach Gautney,2B,21.0,,,,46.59,58.97,40.25,52.5,46.83,28.25,,,,0.62,0.0,3.0,0.9,0.0,N/A,False,,40.73,43.55,,,38.9,,,40.25,2B,43.55
61845,Mike Carlisle,SP,21.0,,,,45.52,55.3,,,,,41.75,49.5,56.08,0.35,0.0,1.5,0.9,0.0,N/A,False,,,,,,,,,,SP,44.62
61846,Joe Prosper,CF,21.0,,,,60.82,67.8,52.25,67.5,48.12,48.5,,,,1.81,0.0,3.5,0.9,0.0,N/A,False,,,,47.9,,51.39,51.25,51.46,52.25,DH,52.25
61847,Ernesto Rivera,RF,21.0,,,,41.3,50.3,42.0,49.25,45.12,37.5,,,,0.38,0.0,0.0,0.9,0.0,N/A,False,,,,,,41.44,,42.6,42.0,RF,42.6
61848,Eric Lunday,CF,17.0,,,,45.59,56.8,24.5,50.5,53.0,51.25,,,,0.81,0.0,0.0,-1.5,0.0,N/A,False,,27.99,,,,31.64,48.1,,24.5,CF,48.1
61849,Chris Wolf,SS,21.0,,,,52.69,66.11,45.5,66.5,49.25,44.0,,,,2.0,0.0,0.0,0.9,0.0,N/A,False,,45.67,45.46,48.58,,46.02,,46.02,45.5,3B,48.58
61850,David Benavidez,SP,22.0,,,,40.43,51.01,,,,,42.75,52.75,64.1,0.46,0.0,-1.0,1.5,0.0,N/A,False,,,,,,,,,,SP,42.02
61851,Sean Adjemian,2B,18.0,,,,35.13,41.23,23.5,42.5,42.58,36.5,,,,0.0,0.0,1.0,-0.9,0.0,N/A,False,,26.1,35.15,,,27.01,,,23.5,2B,35.15
61852,Alvaro Galindo,3B,20.0,,,,58.2,63.83,41.75,57.75,50.2,71.0,,,,0.81,0.0,4.0,0.3,0.0,N/A,False,,43.94,48.39,50.52,,45.54,,45.39,41.75,3B,50.52
61853,Joe Kirk,1B,22.0,,,,42.09,63.78,42.25,61.25,0.0,26.5,,,,0.88,0.0,0.0,1.5,0.0,N/A,False,,,,,,,,,42.25,DH,42.25
61854,Phil Myers,CF,21.0,,,,53.51,60.56,41.0,57.25,52.0,53.0,,,,0.88,0.0,0.0,0.9,0.0,N/A,False,,41.5,,,,44.26,50.21,44.9,41.0,CF,50.21
61855,Alexis Becerra,SS,21.0,,,,59.02,62.47,42.0,59.0,56.2,60.75,,,,0.88,0.0,0.0,0.9,0.0,N/A,False,,44.74,51.98,51.04,54.68,,,43.73,42.0,SS,54.68
61856,Addison Anderson,2B,22.0,,,,39.51,42.74,38.25,46.5,44.62,31.75,,,,0.44,0.0,-3.0,1.5,0.0,N/A,False,,38.0,43.0,,,,,,38.25,2B,43.0
61857,Sean Field,RF,22.0,,,,43.48,56.62,41.25,51.25,46.62,42.75,,,,0.5,0.0,1.5,1.5,0.0,N/A,False,,,,,,42.07,,42.34,41.25,RF,42.34
61858,Steve Winger,SP,21.0,,,,36.99,44.34,,,,,33.25,43.25,52.57,0.0,0.0,0.5,0.9,0.0,N/A,False,,,,,,,,,,SP,37.12
61859,Kory Cardenas,SP,22.0,,,,43.06,60.94,,,,,42.0,59.5,42.55,0.88,0.0,1.0,1.5,0.0,N/A,False,,,,,,,,,,SP,42.11
61860,Jon Mann,SP,22.0,,,,42.4,45.61,,,,,41.0,44.25,52.65,0.08,0.0,0.0,1.5,0.0,N/A,False,,,,,,,,,,SP,43.33
61861,Mike Allaire,C,22.0,,,,55.82,57.9,41.0,49.75,48.25,38.5,,,,0.44,0.0,1.0,1.5,0.0,N/A,False,50.67,,,,,40.94,,41.73,41.0,C,50.67
61862,Bobby Splain,SP,21.0,,,,39.41,47.44,,,,,36.0,45.0,43.5,0.42,0.0,3.0,0.9,0.0,N/A,False,,,,,,,,,,SP,37.5
61863,Josh Miller,RP,21.0,,,,34.4,36.71,,,,,32.75,38.5,39.15,0.0,0.0,0.5,0.9,-2.0,N/A,False,,,,,,,,,,RP,34.35
61864,C.J. Pedigo,RP,21.0,,,,38.39,42.75,,,,,33.5,39.75,64.03,0.0,0.0,0.5,0.9,-2.0,N/A,False,,,,,,,,,,RP,41.13
61865,Chris Perdue,SP,21.0,,,,31.12,33.29,,,,,24.75,33.0,41.68,0.0,0.0,-2.0,0.9,0.0,N/A,False,,,,,,,,,,SP,25.64
61866,Bob Coleman,SP,21.0,,,,40.51,53.71,,,,,34.75,46.75,69.1,0.54,0.0,0.0,0.9,0.0,N/A,False,,,,,,,,,,SP,41.62
61867,Amari Mayweather,C,21.0,,,,43.59,46.26,36.0,45.75,44.5,35.5,,,,0.5,0.0,-3.0,0.9,0.0,N/A,False,47.52,,,,,36.02,,,36.0,C,47.52
61868,Jeff Sullivan,C,22.0,,,,39.17,41.69,35.75,44.75,47.88,28.25,,,,0.0,0.0,-2.0,1.5,0.0,N/A,False,42.02,,,,,,,37.21,35.75,C,42.02
61869,Kevin Ballard,CF,18.0,,,,33.48,52.89,28.0,54.5,47.75,56.0,,,,0.75,0.0,-2.0,-0.9,0.0,N/A,False,,,,,,33.76,,,28.0,LF,33.76
61870,B.J. Lee Sang,CL,21.0,,,,54.54,64.03,,,,,43.5,59.75,61.85,1.69,0.0,4.0,0.9,-2.0,N/A,False,,,,,,,,,,RP,48.09
61871,Wilson Ramirez,RP,21.0,,,,43.38,57.15,,,,,36.75,49.5,60.67,0.62,0.0,3.5,0.9,-2.0,N/A,False,,,,,,,,,,RP,42.73
61872,Tim Womble,CF,18.0,,,,46.87,57.68,30.0,55.75,57.33,39.25,,,,0.81,0.0,0.0,-0.9,0.0,N/A,False,,,,,,34.9,48.34,35.12,30.0,CF,48.34
61873,Tim Gossett,SP,22.0,,,,33.9,38.17,,,,,31.0,40.5,41.65,0.0,0.0,0.5,1.5,0.0,N/A,False,,,,,,,,,,SP,30.63
61874,Chris Marks,2B,18.0,,,,34.29,59.17,28.0,56.5,43.5,55.25,,,,0.88,0.0,1.0,-0.9,0.0,N/A,False,,31.26,,,,32.52,,,28.0,LF,32.52
61875,Jared Jacobs,SP,21.0,,,,36.26,42.68,,,,,35.5,46.0,49.8,0.56,0.0,-2.5,0.9,0.0,N/A,False,,,,,,,,,,SP,38.36
61876,Jessie Boyd,1B,21.0,,,,38.49,48.85,37.5,48.5,46.33,39.5,,,,0.56,0.0,0.0,0.9,0.0,N/A,False,,38.35,,,,39.2,,39.05,37.5,LF,39.2
61877,Sam Gilbert,RP,22.0,,,,39.23,46.63,,,,,39.25,48.5,48.91,0.44,0.0,0.0,1.5,-2.0,N/A,False,,,,,,,,,,RP,41.67
61878,Josh Foy,CF,22.0,,,,53.99,56.44,37.25,44.5,52.5,63.5,,,,0.38,0.0,0.0,1.5,0.0,N/A,False,,,,,,42.16,50.42,41.71,37.25,CF,50.42
61879,Eric Plummer,2B,18.0,,,,31.44,42.94,22.75,45.5,57.0,28.25,,,,-0.38,0.0,0.5,-0.9,0.0,N/A,False,,26.45,,,,,,,22.75,1B,26.45
61880,Mike Burke,CF,21.0,,,,55.61,59.91,42.25,56.5,52.5,59.75,,,,0.81,0.0,0.0,0.9,0.0,N/A,False,,,,,,45.54,51.74,45.09,42.25,CF,51.74
61881,David Zaleta,SP,18.0,,,,32.37,41.98,,,,,23.75,44.25,60.15,0.5,0.0,-2.0,-0.9,0.0,N/A,False,,,,,,,,,,SP,31.03
61882,Chris Cote,SP,21.0,,,,42.52,55.44,,,,,38.25,49.25,57.6,0.5,0.0,1.5,0.9,0.0,N/A,False,,,,,,,,,,SP,42.12
61883,Deivid Perry,SP,18.0,,,,33.02,45.77,,,,,28.25,50.25,41.2,0.5,0.0,0.0,-0.9,0.0,N/A,False,,,,,,,,,,SP,30.84
61884,Jeremy Batten,SP,20.0,,,,40.98,53.09,,,,,40.25,51.25,42.12,0.62,0.0,2.0,0.3,0.0,N/A,False,,,,,,,,,,SP,40.62
61885,Steve Richardson,SP,21.0,,,,52.45,61.83,,,,,46.5,59.0,78.35,1.56,0.0,-4.0,0.9,0.0,N/A,False,,,,,,,,,,SP,52.87
61886,Chris Kidd,SP,18.0,,,,32.99,54.09,,,,,29.75,58.5,37.35,1.0,0.0,-1.0,-0.9,0.0,N/A,False,,,,,,,,,,SP,31.27
61887,Ronnie Curtis,SS,18.0,,,,42.57,61.71,28.25,60.5,51.46,46.0,,,,1.06,0.0,0.0,-0.9,0.0,N/A,False,,31.31,40.6,38.92,,33.51,44.9,33.74,28.25,CF,44.9
61888,Luis Galindo,SS,18.0,,,,37.96,60.52,28.5,61.0,51.0,33.25,,,,1.06,0.0,-2.0,-0.9,0.0,N/A,False,,31.19,39.78,41.79,,,,30.85,28.5,3B,41.79
61889,Bob Biondi,3B,21.0,,,,59.75,68.13,45.25,70.0,53.35,55.0,,,,2.25,0.0,2.0,0.9,0.0,N/A,False,,46.71,52.08,49.45,,46.94,,46.94,45.25,2B,52.08
61890,Chad Crawley,RP,22.0,,,,38.85,44.0,,,,,40.0,47.25,45.24,0.31,0.0,0.0,1.5,-2.0,N/A,False,,,,,,,,,,RP,41.31
61891,Jon Maggio,RP,22.0,,,,46.99,62.19,,,,,41.0,57.75,69.8,0.62,0.0,0.0,1.5,-2.0,N/A,False,,,,,,,,,,RP,48.2
61892,Ayden Knoten,SP,22.0,,,,37.17,42.03,,,,,36.0,43.75,50.35,0.42,0.0,-2.0,1.5,0.0,N/A,False,,,,,,,,,,SP,38.87
61893,Jaheim Excellent,RP,21.0,,,,43.67,61.78,,,,,37.25,56.0,63.2,0.35,0.0,3.0,0.9,-2.0,N/A,False,,,,,,,,,,RP,43.74
61894,Dan Mann,CF,18.0,,,,45.39,57.33,28.0,55.75,56.33,46.75,,,,0.88,0.0,0.0,-0.9,0.0,N/A,False,,,,,,34.19,47.3,34.07,28.0,CF,47.3
61895,Sam Pownall,SP,17.0,,,,32.07,38.68,,,,,23.75,40.25,51.08,0.0,0.0,0.0,-1.5,0.0,N/A,False,,,,,,,,,,SP,29.22
61896,Devin Dobransky,SP,21.0,,,,41.77,52.5,,,,,37.25,46.75,50.32,0.56,0.0,3.0,0.9,0.0,N/A,False,,,,,,,,,,SP,39.87
61897,Luis Vivaldo,RP,22.0,,,,45.77,56.74,,,,,41.0,50.5,65.9,0.31,0.0,0.5,1.5,-2.0,N/A,False,,,,,,,,,,RP,47.23
61898,Josh Lewelling,RP,18.0,,,,35.4,56.78,,,,,28.75,54.5,65.62,0.71,0.0,0.0,-0.9,-2.0,N/A,False,,,,,,,,,,RP,37.97
61899,Pete Chumbley,C,21.0,,,,52.33,55.36,40.75,50.75,49.25,23.5,,,,0.5,0.0,0.0,0.9,0.0,N/A,False,49.86,,,,,,,39.44,40.75,C,49.86
61900,Jesus Capps,LF,22.0,,,,39.78,49.03,37.75,45.0,40.0,28.25,,,,0.0,0.0,3.0,1.5,0.0,N/A,False,,,,,,37.14,,,37.75,DH,37.75
61901,Joe Hardin,C,18.0,,,,41.82,49.22,28.0,50.0,47.44,32.5,,,,0.62,0.0,0.5,-0.9,0.0,N/A,False,44.15,,,35.88,,31.38,,31.23,28.0,C,44.15
61902,Jeremy Daugherty,SP,21.0,,,,47.43,57.74,,,,,41.5,51.5,65.6,1.38,0.0,0.0,0.9,0.0,N/A,False,,,,,,,,,,SP,46.32
61903,Jim Vega,CF,22.0,,,,48.21,52.29,37.5,46.25,51.5,51.5,,,,0.44,0.0,-1.0,1.5,0.0,N/A,False,,,,,,40.81,48.11,,37.5,CF,48.11
61904,Eddie Stevens,1B,21.0,,,,43.95,66.22,41.25,63.75,46.75,24.25,,,,1.06,0.0,3.0,0.9,0.0,N/A,False,,,,,,40.38,,,41.25,DH,41.25
61905,Billy Totten,LF,21.0,,,,43.15,57.39,43.0,54.0,48.0,45.75,,,,0.56,0.0,0.0,0.9,0.0,N/A,False,,,,,,43.95,,44.1,43.0,RF,44.1
61906,Andy Goude,C,21.0,,,,42.67,48.39,35.75,46.75,45.42,42.0,,,,0.56,0.0,1.5,0.9,0.0,N/A,False,42.19,,,,,37.73,,38.06,35.75,C,42.19
61907,Billy Wegner,RP,21.0,,,,34.1,38.02,,,,,30.25,39.5,44.0,0.0,0.0,0.5,0.9,-2.0,N/A,False,,,,,,,,,,RP,33.69
61908,Sean Creasey,SS,21.0,,,,53.57,59.13,41.0,55.25,56.67,58.25,,,,0.75,0.0,-3.0,0.9,0.0,N/A,False,,43.86,50.6,51.54,53.38,43.81,,44.23,41.0,SS,53.38
61909,Julio Guajardo,SP,22.0,,,,52.11,62.09,,,,,39.0,52.0,72.6,1.42,0.0,2.5,1.5,0.0,N/A,False,,,,,,,,,,SP,45.72
61910,Omari Truehill,RP,21.0,,,,44.34,60.58,,,,,41.5,57.5,68.6,0.33,0.0,-1.0,0.9,-2.0,N/A,False,,,,,,,,,,RP,48.27
61911,Jorge Barboza,LF,21.0,,,,56.73,60.04,41.25,54.25,56.5,56.75,,,,0.69,0.0,0.0,0.9,0.0,N/A,False,,,,,,44.9,52.75,,41.25,CF,52.75
61912,Sam Downham,LF,19.0,,,,40.62,66.55,33.0,64.25,49.88,54.75,,,,1.06,0.0,4.5,-0.3,0.0,N/A,False,,,,,,37.91,,37.5,33.0,LF,37.91
61913,Eddie Scott,RP,22.0,,,,58.52,67.25,,,,,45.75,67.25,67.4,1.79,0.0,3.5,1.5,-2.0,N/A,False,,,,,,,,,,RP,51.16
61914,Steve Wriedt,SP,21.0,,,,32.72,35.53,,,,,31.0,39.0,34.6,0.0,0.0,-0.5,0.9,0.0,N/A,False,,,,,,,,,,SP,29.22
61915,Juan Aparicio,SS,21.0,,,,40.59,46.71,37.0,47.25,47.94,30.5,,,,0.5,0.0,0.0,0.9,0.0,N/A,False,,36.98,41.75,,,38.56,,38.45,37.0,2B,41.75
61916,B.J. Widger,C,21.0,,,,50.35,55.87,40.0,52.25,50.75,31.5,,,,0.62,0.0,0.5,0.9,0.0,N/A,False,48.15,,,,,40.65,,40.65,40.0,C,48.15
61917,Forrest Savard,2B,18.0,,,,33.54,64.54,28.5,67.5,39.75,34.75,,,,1.44,0.0,-2.5,-0.9,0.0,N/A,False,,,33.74,,,30.96,,,28.5,2B,33.74
61918,J.J. Marzette,RF,17.0,,,,32.43,56.32,24.25,56.5,46.0,45.0,,,,1.19,0.0,-1.0,-1.5,0.0,N/A,False,,27.16,,,,29.51,,30.11,24.25,RF,30.11
61919,Colton Merz,3B,21.0,,,,45.82,57.67,39.25,56.25,50.88,39.25,,,,0.81,0.0,-2.0,0.9,0.0,N/A,False,,40.22,41.5,46.34,,41.09,47.86,41.31,39.25,CF,47.86
61920,Steve Pacheco,1B,21.0,,,,38.93,56.8,39.25,54.5,46.75,41.25,,,,0.75,0.0,-1.0,0.9,0.0,N/A,False,,,,,,40.58,,,39.25,LF,40.58
61921,Ernesto Castro,SP,22.0,,,,39.7,50.07,,,,,39.0,49.5,54.67,0.52,0.0,-2.0,1.5,0.0,N/A,False,,,,,,,,,,SP,42.14
61922,Avi Lousky,C,17.0,,,,41.28,48.53,25.25,49.5,45.75,28.0,,,,0.69,0.0,-0.5,-1.5,0.0,N/A,False,45.16,,,,,27.7,,28.34,25.25,C,45.16
61923,Ben Lummus,CF,22.0,,,,59.92,63.07,43.25,59.0,56.25,52.25,,,,0.81,0.0,1.0,1.5,0.0,N/A,False,,43.57,,,,46.62,54.1,47.26,43.25,CF,54.1
61924,Chris Farrar,RF,18.0,,,,42.58,51.54,26.25,47.25,55.0,45.75,,,,0.56,0.0,-0.5,-0.9,0.0,N/A,False,,,,,,32.51,45.91,32.51,26.25,CF,45.91
61925,Eric Clayborn,CL,21.0,,,,40.56,52.21,,,,,37.25,48.75,56.93,0.54,0.0,1.5,0.9,-2.0,N/A,False,,,,,,,,,,RP,42.17
61926,Robby White,RF,20.0,,,,40.1,60.04,39.25,58.25,51.62,50.0,,,,1.0,0.0,-1.0,0.3,0.0,N/A,False,,,,,,42.05,,42.31,39.25,RF,42.31
61927,Jake Fawley,SP,21.0,,,,34.63,39.11,,,,,32.0,41.0,41.25,0.0,0.0,-0.5,0.9,0.0,N/A,False,,,,,,,,,,SP,33.85
61928,Mike Skillings,3B,22.0,,,,54.04,64.35,48.0,62.25,52.83,49.0,,,,1.69,0.0,0.0,1.5,0.0,N/A,False,,48.45,,,,48.62,,49.15,48.0,RF,49.15
61929,Greg Paine,RP,21.0,,,,38.0,43.0,,,,,39.25,47.0,45.15,0.38,0.0,0.0,0.9,-2.0,N/A,False,,,,,,,,,,RP,40.73
61930,Steve Sullivan,SP,21.0,,,,37.63,43.73,,,,,40.0,48.75,58.17,0.44,0.0,-3.0,0.9,0.0,N/A,False,,,,,,,,,,SP,41.13
61931,Jesus Arroyo,RP,22.0,,,,58.9,66.77,,,,,43.5,62.75,69.8,1.75,0.0,5.0,1.5,-2.0,N/A,False,,,,,,,,,,RP,50.08
61932,Dan Phelps,SP,21.0,,,,39.1,54.39,,,,,36.25,51.0,41.85,0.67,0.0,2.5,0.9,0.0,N/A,False,,,,,,,,,,SP,37.37
61933,Shamel Flucas,SP,22.0,,,,38.09,42.47,,,,,41.75,48.25,56.85,0.35,0.0,-4.0,1.5,0.0,N/A,False,,,,,,,,,,SP,42.27
61934,Nelson Serrano,SP,21.0,,,,43.02,54.33,,,,,39.5,49.0,52.15,0.52,0.0,2.0,0.9,0.0,N/A,False,,,,,,,,,,SP,42.03
61935,Ben Mayshack,CF,18.0,,,,45.82,60.73,30.0,58.25,51.33,57.25,,,,1.0,0.0,1.0,-0.9,0.0,N/A,False,,,,,,35.99,46.48,35.58,30.0,CF,46.48
61936,Jeremy Hoy,3B,19.0,,,,36.4,61.21,30.5,57.75,43.0,24.25,,,,0.75,0.0,1.5,-0.3,0.0,N/A,False,,,35.61,,,31.71,,,30.5,2B,35.61
61937,Tim Powless,1B,21.0,,,,40.02,62.11,40.75,59.25,41.12,23.25,,,,0.88,0.0,0.0,0.9,0.0,N/A,False,,40.1,,,,38.78,,,40.75,DH,40.75
61938,Joey Ward,RP,21.0,,,,37.43,41.17,,,,,39.25,45.75,50.14,0.31,0.0,-2.0,0.9,-2.0,N/A,False,,,,,,,,,,RP,41.97
61939,Chris Maloy,RP,22.0,,,,36.45,43.11,,,,,31.25,41.75,50.85,0.0,0.0,2.0,1.5,-2.0,N/A,False,,,,,,,,,,RP,36.15
61940,Josh Krzykowski,C,18.0,,,,30.79,46.24,24.0,48.25,0.0,32.75,,,,-0.31,0.0,0.5,-0.9,0.0,N/A,False,,,,,,,,,24.0,DH,24.0
61941,Andres Pasillas,2B,22.0,,,,46.16,54.56,37.5,49.75,47.58,50.0,,,,0.62,0.0,-0.5,1.5,0.0,N/A,False,,39.58,46.17,,,38.64,,,37.5,2B,46.17
61942,Ben Morris,SP,21.0,,,,39.02,47.74,,,,,37.0,47.0,41.4,0.56,0.0,2.0,0.9,0.0,N/A,False,,,,,,,,,,SP,37.88
61943,Phil Peterson,SP,22.0,,,,44.27,54.53,,,,,42.75,51.0,64.33,0.4,0.0,-2.5,1.5,0.0,N/A,False,,,,,,,,,,SP,47.07
61944,Yoshitimo Kobayashi,C,17.0,,,,31.56,52.31,25.75,51.75,0.0,21.25,,,,0.81,0.0,1.0,-1.5,0.0,N/A,False,,,,,,,,,25.75,DH,25.75
61945,Jesus Moody,SS,22.0,,,,53.21,58.1,41.25,49.5,56.0,45.0,,,,0.38,0.0,0.5,1.5,0.0,N/A,False,,43.81,48.71,49.42,,,,41.89,41.25,3B,49.42
61946,Juan Maciel,SP,20.0,,,,44.69,58.52,,,,,40.0,52.25,59.25,0.62,0.0,2.0,0.3,0.0,N/A,False,,,,,,,,,,SP,43.85
61947,Mike Lapeyrouse,SP,21.0,,,,36.16,40.41,,,,,35.0,42.25,38.75,0.0,0.0,0.5,0.9,0.0,N/A,False,,,,,,,,,,SP,35.75
61948,Andy Leonard,CL,21.0,,,,51.59,60.94,,,,,45.75,58.0,62.85,1.42,0.0,0.5,0.9,-2.0,N/A,False,,,,,,,,,,RP,50.02
61949,Kevin Ogdon,SP,22.0,,,,47.97,60.25,,,,,42.25,54.0,55.45,0.52,0.0,2.0,1.5,0.0,N/A,False,,,,,,,,,,SP,44.89
61950,Tavan Bellfield,SP,22.0,,,,36.92,41.65,,,,,35.5,42.75,45.05,0.0,0.0,-0.5,1.5,0.0,N/A,False,,,,,,,,,,SP,37.41
61951,Billy Taylor,C,21.0,,,,53.88,57.19,39.0,49.0,54.12,30.5,,,,0.5,0.0,2.5,0.9,0.0,N/A,False,47.67,,,,,40.4,48.32,40.77,39.0,CF,48.32
61952,Joe Wheat,SP,18.0,,,,31.76,38.7,,,,,24.5,42.25,40.18,0.0,0.0,0.0,-0.9,0.0,N/A,False,,,,,,,,,,SP,27.64
61953,Mike McClellan,C,17.0,,,,31.95,41.43,23.0,43.0,41.5,28.75,,,,0.0,0.0,2.5,-1.5,0.0,N/A,False,,,,,,,,26.35,23.0,RF,26.35
62770,Mat Laffer,RP,23.0,,,,32.49,35.18,,,,,28.0,36.5,39.9,0.0,0.0,-1.5,1.5,-2.0,N/A,False,,,,,,,,,,RP,30.98
62787,Josh Hardeman,SP,22.0,,,,33.26,36.47,,,,,27.75,36.0,41.85,0.0,0.0,-1.0,1.5,0.0,N/A,False,,,,,,,,,,SP,30.57
62793,Eric Recek,RP,22.0,,,,33.42,36.24,,,,,32.0,39.75,39.9,0.0,0.0,-2.0,1.5,-2.0,N/A,False,,,,,,,,,,RP,33.98
62795,Jimmy Graber,SP,22.0,,,,38.51,42.23,,,,,39.75,45.25,37.8,0.33,0.0,-0.5,1.5,0.0,N/A,False,,,,,,,,,,SP,39.36
62797,Jared Votava,RP,21.0,,,,44.28,59.68,,,,,40.25,55.25,67.25,0.56,0.0,0.0,0.9,-2.0,N/A,False,,,,,,,,,,RP,47.0
62798,Amari McHerron,SP,18.0,,,,39.25,59.6,,,,,32.5,53.0,70.3,0.96,0.0,1.5,-0.9,0.0,N/A,False,,,,,,,,,,SP,40.06
62799,Joel Greene,CL,18.0,,,,44.42,66.57,,,,,39.25,70.5,66.12,1.5,0.0,2.0,-0.9,-2.0,N/A,False,,,,,,,,,,RP,45.97
62800,Pat Walker,SP,18.0,,,,32.35,39.36,,,,,26.25,42.75,52.3,0.0,0.0,-2.0,-0.9,0.0,N/A,False,,,,,,,,,,SP,31.46
62801,Jerrod LeMay,SS,21.0,,,,45.0,55.02,37.5,52.25,46.75,57.0,,,,0.62,0.0,-0.5,0.9,0.0,N/A,False,,39.02,45.98,45.0,,,,39.83,37.5,2B,45.98
62802,Jeremy Wetzel,C,21.0,,,,53.88,57.11,39.0,51.25,49.5,43.0,,,,0.62,0.0,1.0,0.9,0.0,N/A,False,49.7,,,,,40.52,,40.75,39.0,C,49.7
62803,Jimmy Clemons,SP,18.0,,,,35.13,47.62,,,,,31.75,49.0,52.05,0.35,0.0,0.0,-0.9,0.0,N/A,False,,,,,,,,,,SP,35.81
62804,Zach Franklin,SP,20.0,,,,34.34,38.17,,,,,32.75,41.0,40.65,0.0,0.0,-1.0,0.3,0.0,N/A,False,,,,,,,,,,SP,34.33
62805,Dan McManus,SP,21.0,,,,38.06,51.75,,,,,40.25,54.75,41.15,0.75,0.0,-2.0,0.9,0.0,N/A,False,,,,,,,,,,SP,40.43
62806,Jabari Elom,RF,22.0,,,,40.4,56.92,39.0,53.0,46.38,45.5,,,,0.62,0.0,0.0,1.5,0.0,N/A,False,,,,,,40.81,,40.7,39.0,LF,40.81
62807,Kaleb Wagner,C,21.0,,,,39.53,56.5,40.5,53.25,40.0,33.0,,,,0.56,0.0,0.0,0.9,0.0,N/A,False,,,,,,39.67,,,40.5,DH,40.5
62808,Juan Arana,2B,18.0,,,,36.27,43.56,25.5,44.5,47.25,49.0,,,,0.0,0.0,0.5,-0.9,0.0,N/A,False,,28.82,37.75,,,,,,25.5,2B,37.75
62809,Jared Regan,LF,22.0,,,,36.02,43.08,34.5,44.5,41.75,37.75,,,,0.0,0.0,-0.5,1.5,0.0,N/A,False,,,,,,35.91,,,34.5,LF,35.91
62810,Tyrese Queen,RF,22.0,,,,39.23,46.73,33.5,42.25,49.75,47.25,,,,0.0,0.0,2.0,1.5,0.0,N/A,False,,,,,,36.52,,38.1,33.5,RF,38.1
62811,Nate LaCross,SP,17.0,,,,41.75,65.02,,,,,37.25,64.75,63.68,1.27,0.0,2.0,-1.5,0.0,N/A,False,,,,,,,,,,SP,42.54
62812,Kevin Franklin,2B,22.0,,,,59.81,62.72,41.5,56.5,55.58,46.25,,,,0.75,0.0,-1.0,1.5,0.0,N/A,False,,42.29,44.67,46.24,,45.12,56.04,44.98,41.5,CF,56.04
62813,Vicente Maldonado,SS,21.0,,,,45.26,52.31,36.75,45.75,49.95,32.0,,,,0.44,0.0,0.0,0.9,0.0,N/A,False,,38.14,44.94,45.85,,36.88,,37.14,36.75,3B,45.85
62814,Eric Hedrick,SP,21.0,,,,39.53,50.25,,,,,38.25,49.0,55.12,0.44,0.0,-1.0,0.9,0.0,N/A,False,,,,,,,,,,SP,41.62
62815,David Salce,CF,21.0,,,,51.61,64.69,39.5,60.5,44.67,40.5,,,,1.06,0.0,3.0,0.9,0.0,N/A,False,,39.5,,,,40.54,45.89,,39.5,CF,45.89
62816,Nate Hembree,RF,18.0,,,,34.35,57.33,31.0,55.75,48.62,32.0,,,,0.75,0.0,0.0,-0.9,0.0,N/A,False,,,,,,33.69,,33.8,31.0,RF,33.8
62817,Wes Joseph,SP,18.0,,,,32.08,35.5,,,,,23.75,34.0,48.3,0.0,0.0,0.0,-0.9,0.0,N/A,False,,,,,,,,,,SP,28.66
62818,Jeff Salata,SP,21.0,,,,36.39,41.17,,,,,35.0,42.75,45.7,0.0,0.0,2.0,0.9,0.0,N/A,False,,,,,,,,,,SP,34.64
62819,Ryan Cusick Jr.,SP,20.0,,,,40.5,54.86,,,,,37.25,50.5,63.5,0.75,0.0,-0.5,0.3,0.0,N/A,False,,,,,,,,,,SP,42.5
62820,David Padilla,SP,21.0,,,,38.25,44.81,,,,,36.75,45.5,47.8,0.48,0.0,0.0,0.9,0.0,N/A,False,,,,,,,,,,SP,38.96
62821,Talbot Balcome,RP,21.0,,,,38.7,48.38,,,,,36.5,48.0,50.98,0.42,0.0,1.5,0.9,-2.0,N/A,False,,,,,,,,,,RP,40.12
62822,Phil Liston,SP,21.0,,,,33.59,38.2,,,,,29.25,39.75,47.9,0.0,0.0,0.5,0.9,0.0,N/A,False,,,,,,,,,,SP,30.48
62823,Jared Culpepper,SS,17.0,,,,40.41,61.44,29.0,57.75,47.35,56.75,,,,0.94,0.0,3.0,-1.5,0.0,N/A,False,,32.19,39.31,40.51,,34.03,,34.7,29.0,3B,40.51
62824,Chris Bishop,SP,22.0,,,,38.01,43.45,,,,,34.25,41.5,55.55,0.0,0.0,0.0,1.5,0.0,N/A,False,,,,,,,,,,SP,38.51
62825,Jeremy Pruitt,CF,22.0,,,,59.25,61.03,37.75,46.0,56.67,51.25,,,,0.44,0.0,3.0,1.5,0.0,N/A,False,,,,,,42.25,51.75,41.39,37.75,CF,51.75
62826,Prince Killings,RF,22.0,,,,47.17,60.57,40.75,53.0,54.83,38.25,,,,0.69,0.0,3.5,1.5,0.0,N/A,False,,42.75,,,,41.74,,42.41,40.75,1B,42.75
62827,Mike Hrabovsky,RP,17.0,,,,31.28,38.2,,,,,22.25,42.5,39.62,0.0,0.0,2.0,-1.5,-2.0,N/A,False,,,,,,,,,,RP,26.59
62828,Esteban Angviano,LF,21.0,,,,36.36,41.58,35.5,43.25,43.62,33.75,,,,0.0,0.0,0.0,0.9,0.0,N/A,False,,,,,,36.49,,36.6,35.5,RF,36.6
62829,Chris Farina,C,18.0,,,,39.32,43.48,27.75,46.0,48.75,22.25,,,,0.44,0.0,0.0,-0.9,0.0,N/A,False,42.17,,,,,,,,27.75,C,42.17
62830,Soshi Shook,SP,21.0,,,,33.95,38.56,,,,,28.0,38.0,49.75,0.0,0.0,-0.5,0.9,0.0,N/A,False,,,,,,,,,,SP,32.35
62831,Ben Dennis,C,21.0,,,,45.92,50.15,37.25,49.5,47.44,28.0,,,,0.62,0.0,-1.0,0.9,0.0,N/A,False,47.11,37.16,,,,38.12,,37.86,37.25,C,47.11
62832,Joel Hall,1B,18.0,,,,32.87,53.29,29.0,51.75,37.0,20.25,,,,0.56,0.0,1.0,-0.9,0.0,N/A,False,,29.36,,,,,,,29.0,1B,29.36
62833,David Santoyo,C,21.0,,,,46.95,60.77,41.25,57.5,52.25,22.0,,,,0.81,0.0,0.0,0.9,0.0,N/A,False,46.59,,,,,40.86,,41.39,41.25,C,46.59
62834,Deshawn Gholar,CF,18.0,,,,48.66,58.95,28.0,54.5,55.0,47.5,,,,0.88,0.0,1.5,-0.9,0.0,N/A,False,,,,,,34.0,47.83,33.7,28.0,CF,47.83
62835,Ron Knudsen,RP,21.0,,,,39.71,49.11,,,,,41.0,51.5,60.08,0.5,0.0,-3.0,0.9,-2.0,N/A,False,,,,,,,,,,RP,45.77
62836,Nate Snow,C,21.0,,,,56.47,63.58,45.5,59.5,50.0,27.25,,,,0.69,0.0,2.0,0.9,0.0,N/A,False,50.54,,,,,43.98,,44.12,45.5,C,50.54
62837,Randy Poppler,SP,21.0,,,,44.5,56.86,,,,,39.5,50.0,52.75,0.58,0.0,3.0,0.9,0.0,N/A,False,,,,,,,,,,SP,42.15
62838,Derek Butz,C,18.0,,,,46.71,62.07,32.5,57.5,48.58,46.25,,,,0.81,0.0,3.5,-0.9,0.0,N/A,False,44.74,,,,,36.39,,36.12,32.5,C,44.74
62839,Carter Pelley,CF,21.0,,,,54.43,68.28,45.5,70.5,49.75,56.75,,,,2.25,0.0,2.0,0.9,0.0,N/A,False,,,,,,47.45,,47.08,45.5,LF,47.45
62840,Chris Ward,SP,20.0,,,,37.88,45.97,,,,,35.5,46.0,57.85,0.56,0.0,-1.0,0.3,0.0,N/A,False,,,,,,,,,,SP,39.97
62841,Beau Buie,SP,21.0,,,,35.31,40.22,,,,,39.0,48.5,47.75,0.46,0.0,1.0,0.9,0.0,N/A,False,,,,,,,,,,SP,33.25
62842,Chris Betts Jr.,SP,18.0,,,,32.7,41.4,,,,,24.5,42.5,54.35,0.0,0.0,0.0,-0.9,0.0,N/A,False,,,,,,,,,,SP,30.47
62843,Steve Quigley,2B,18.0,,,,37.23,54.43,28.5,53.5,45.33,49.5,,,,0.75,0.0,0.0,-0.9,0.0,N/A,False,,31.4,39.04,,,32.59,,,28.5,2B,39.04
62844,Clay Beauchamp,SP,21.0,,,,39.64,56.46,,,,,41.5,57.5,36.1,0.77,0.0,0.0,0.9,0.0,N/A,False,,,,,,,,,,SP,40.42
62845,Devin Wiacek,C,21.0,,,,36.38,37.93,32.75,41.0,43.56,24.25,,,,0.0,0.0,-2.0,0.9,0.0,N/A,False,38.62,33.05,,,,33.59,,34.26,32.75,C,38.62
62846,Jeff Paulsen,RP,18.0,,,,33.32,39.05,,,,,29.5,43.5,44.62,0.33,0.0,0.5,-0.9,-2.0,N/A,False,,,,,,,,,,RP,33.28
62847,Chris Sandoval,SS,18.0,,,,41.2,53.57,27.25,43.75,55.56,54.0,,,,0.0,0.0,0.0,-0.9,0.0,N/A,False,,32.76,,44.68,,32.02,,33.19,27.25,3B,44.68
62848,Luis Barrios,1B,21.0,,,,39.43,53.37,38.5,51.5,48.88,49.25,,,,0.62,0.0,-0.5,0.9,0.0,N/A,False,,40.29,,,,40.81,,,38.5,LF,40.81
62849,Jim Coffey,SS,21.0,,,,52.01,61.93,43.25,58.0,49.45,64.0,,,,0.81,0.0,1.0,0.9,0.0,N/A,False,,44.96,48.36,47.33,,46.07,,46.19,43.25,2B,48.36
62850,Trey Whetsell,CF,21.0,,,,50.39,54.25,40.0,49.25,55.17,42.0,,,,0.5,0.0,-3.0,0.9,0.0,N/A,False,,,,,,42.6,51.8,41.93,40.0,CF,51.8
62851,Bobby Gutknecht,SP,20.0,,,,33.7,38.41,,,,,32.75,43.25,53.3,0.0,0.0,2.5,0.3,0.0,N/A,False,,,,,,,,,,SP,29.36
62852,Nate McLain,RP,21.0,,,,38.13,46.55,,,,,36.0,47.25,54.85,0.56,0.0,0.0,0.9,-2.0,N/A,False,,,,,,,,,,RP,40.71
62853,Luis Osorio,SP,21.0,,,,47.06,61.95,,,,,44.0,59.5,67.17,0.83,0.0,-2.0,0.9,0.0,N/A,False,,,,,,,,,,SP,48.64
62854,Eric Volpe,RP,21.0,,,,36.98,45.71,,,,,34.5,46.5,58.88,0.0,0.0,-1.0,0.9,-2.0,N/A,False,,,,,,,,,,RP,40.59
62855,Mike Pantani,SP,18.0,,,,34.57,45.74,,,,,30.0,47.25,53.1,0.4,0.0,0.0,-0.9,0.0,N/A,False,,,,,,,,,,SP,34.62
62856,Eric Frayer,SS,22.0,,,,47.84,58.6,38.25,54.25,52.65,53.0,,,,0.81,0.0,0.0,1.5,0.0,N/A,False,,40.66,46.48,46.52,,41.49,,41.49,38.25,3B,46.52
62857,Dan White,RP,21.0,,,,34.32,36.83,,,,,33.0,39.25,43.73,0.0,0.0,-1.0,0.9,-2.0,N/A,False,,,,,,,,,,RP,35.68
62858,Sean Black,SP,18.0,,,,35.26,46.03,,,,,31.0,46.5,52.05,0.21,0.0,1.0,-0.9,0.0,N/A,False,,,,,,,,,,SP,35.21
62859,Danny Gallo,C,21.0,,,,45.53,49.32,37.75,48.75,49.44,22.5,,,,0.56,0.0,0.0,0.9,0.0,N/A,False,45.91,38.61,,,,37.42,,37.69,37.75,C,45.91
62860,Pat Burke,SP,17.0,,,,32.24,40.79,,,,,25.75,45.25,40.75,0.5,0.0,0.5,-1.5,0.0,N/A,False,,,,,,,,,,SP,28.75
62861,Pat Parrish,CF,21.0,,,,58.04,62.07,41.5,57.75,53.83,67.5,,,,0.88,0.0,1.0,0.9,0.0,N/A,False,,,,,,46.01,52.71,45.45,41.5,CF,52.71
62862,Paulius Harris,SP,21.0,,,,40.58,55.92,,,,,42.5,56.5,40.42,0.65,0.0,-0.5,0.9,0.0,N/A,False,,,,,,,,,,SP,42.09
62863,Jimmy Chester,CF,21.0,,,,36.97,57.39,34.75,53.5,46.25,34.25,,,,0.31,0.0,0.5,0.9,0.0,N/A,False,,,,,,36.09,,36.76,34.75,RF,36.76
62864,Jake Dulaney,2B,21.0,,,,55.64,61.48,42.0,56.75,53.1,58.75,,,,0.81,0.0,1.0,0.9,0.0,N/A,False,,44.54,50.76,49.14,,44.39,,44.27,42.0,2B,50.76
62865,Eric Lucas,SP,22.0,,,,34.35,38.94,,,,,30.0,39.5,43.18,0.0,0.0,2.0,1.5,0.0,N/A,False,,,,,,,,,,SP,30.14
62866,Ian Bradley,2B,18.0,,,,40.02,60.09,30.0,57.5,46.0,58.25,,,,0.94,0.0,1.0,-0.9,0.0,N/A,False,,33.11,41.49,,,34.59,,,30.0,2B,41.49
62867,Chris Hackett,SS,17.0,,,,41.88,63.78,31.25,62.75,50.3,49.5,,,,1.12,0.0,1.5,-1.5,0.0,N/A,False,,34.14,43.31,42.4,,34.99,,35.66,31.25,2B,43.31
62868,Vincent Moreno,1B,19.0,,,,49.34,64.59,37.75,64.5,52.67,36.75,,,,1.38,0.0,0.0,-0.3,0.0,N/A,False,,,,,,40.01,48.59,39.49,37.75,CF,48.59
62869,Steve Kukula,SP,22.0,,,,39.32,46.02,,,,,31.25,38.75,68.53,0.0,0.0,1.5,1.5,0.0,N/A,False,,,,,,,,,,SP,38.7
62870,Dan Dutter,2B,22.0,,,,59.08,67.05,46.75,65.25,50.19,48.5,,,,1.94,0.0,3.0,1.5,0.0,N/A,False,,47.86,50.08,,,46.66,,46.66,46.75,2B,50.08
62871,Jim Giboney,RF,22.0,,,,41.88,52.73,39.5,49.0,47.25,46.75,,,,0.44,0.0,1.0,1.5,0.0,N/A,False,,,,,,41.27,,41.5,39.5,RF,41.5
62872,Chris Luckey,SP,22.0,,,,42.77,54.66,,,,,40.0,50.0,48.77,0.48,0.0,1.5,1.5,0.0,N/A,False,,,,,,,,,,SP,41.76
62873,Dan Kerr,SP,22.0,,,,39.05,42.7,,,,,32.25,37.0,70.4,0.0,0.0,0.0,1.5,0.0,N/A,False,,,,,,,,,,SP,39.88
62874,Chris Bethea,RP,21.0,,,,38.0,46.58,,,,,37.75,49.0,51.68,0.38,0.0,-0.5,0.9,-2.0,N/A,False,,,,,,,,,,RP,41.23
62875,Brendan Horsley,SP,21.0,,,,36.21,41.26,,,,,35.0,43.25,46.67,0.0,0.0,-1.0,0.9,0.0,N/A,False,,,,,,,,,,SP,37.34
62876,Ansel Morgan,RF,21.0,,,,38.12,47.11,38.25,47.5,49.38,26.5,,,,0.5,0.0,0.0,0.9,0.0,N/A,False,,,,,,38.73,,38.76,38.25,RF,38.76
62877,Naquan Speech,RP,21.0,,,,35.17,41.2,,,,,33.0,44.25,46.75,0.0,0.0,0.0,0.9,-2.0,N/A,False,,,,,,,,,,RP,36.44
62878,Bobby House,RF,22.0,,,,57.44,59.45,42.75,50.5,56.33,53.75,,,,0.38,0.0,1.0,1.5,0.0,N/A,False,,,,,,45.95,52.08,45.84,42.75,CF,52.08
62879,Jared Elharar,2B,21.0,,,,52.77,61.93,38.5,58.5,53.35,54.75,,,,1.06,0.0,0.5,0.9,0.0,N/A,False,,40.76,48.11,,,42.23,49.06,42.08,38.5,CF,49.06
62880,Josh Vandenberg,CL,22.0,,,,49.26,64.33,,,,,43.75,63.5,66.4,0.71,0.0,0.0,1.5,-2.0,N/A,False,,,,,,,,,,RP,49.41
62881,Gabe Mihalic,SP,21.0,,,,37.71,48.45,,,,,36.25,48.5,44.9,0.21,0.0,0.5,0.9,0.0,N/A,False,,,,,,,,,,SP,37.98
62882,Mike Krider,SP,22.0,,,,37.89,42.62,,,,,35.75,42.75,72.05,0.33,0.0,-5.0,1.5,0.0,N/A,False,,,,,,,,,,SP,43.01
62883,Mike Sakkal,RP,20.0,,,,37.02,43.55,,,,,36.5,47.0,49.38,0.54,0.0,0.0,0.3,-2.0,N/A,False,,,,,,,,,,RP,39.72
62884,Josh Atkinson,SP,21.0,,,,34.18,37.63,,,,,30.25,38.0,45.85,0.0,0.0,-1.0,0.9,0.0,N/A,False,,,,,,,,,,SP,33.37
62885,Sean Milender,CL,22.0,,,,44.34,59.77,,,,,42.25,57.25,57.23,0.52,0.0,0.5,1.5,-2.0,N/A,False,,,,,,,,,,RP,45.99
62886,Kevin Creasy,CL,21.0,,,,47.51,62.16,,,,,42.25,58.5,63.8,0.6,0.0,1.5,0.9,-2.0,N/A,False,,,,,,,,,,RP,47.64
62887,Dan Cassamajor,3B,21.0,,,,40.08,46.12,34.0,44.5,53.5,24.5,,,,0.06,0.0,0.0,0.9,0.0,N/A,False,,35.62,,41.63,,,,,34.0,3B,41.63
62888,Jim Nesmith,2B,17.0,,,,36.3,59.78,27.25,60.25,45.38,45.5,,,,1.19,0.0,-1.5,-1.5,0.0,N/A,False,,29.54,39.2,,,,,,27.25,2B,39.2
62889,Jamir Oggs,C,22.0,,,,43.89,47.8,37.75,49.0,51.95,33.5,,,,0.62,0.0,-4.0,1.5,0.0,N/A,False,48.04,,,41.25,,39.65,47.94,39.76,37.75,C,48.04
62890,Art Ressa,SS,21.0,,,,57.17,59.23,34.25,40.75,57.96,27.5,,,,0.0,0.0,3.0,0.9,0.0,N/A,False,,36.79,45.27,43.48,,36.95,50.81,36.24,34.25,CF,50.81
62891,Eddie Cashin,RF,18.0,,,,35.25,62.76,34.75,64.0,46.75,37.25,,,,0.88,0.0,-2.0,-0.9,0.0,N/A,False,,,,,,36.09,,37.51,34.75,RF,37.51
62892,Chuck Cochran,SP,18.0,,,,34.47,49.03,,,,,27.25,47.5,62.0,0.6,0.0,0.0,-0.9,0.0,N/A,False,,,,,,,,,,SP,34.2
62893,Kevin Shields,RP,21.0,,,,36.44,40.69,,,,,29.75,37.25,53.65,0.0,0.0,3.0,0.9,-2.0,N/A,False,,,,,,,,,,RP,35.73
62894,Kevin Spencer,3B,21.0,,,,49.85,60.13,41.75,56.75,51.46,48.75,,,,0.75,0.0,0.0,0.9,0.0,N/A,False,,43.12,45.6,48.06,,43.65,48.27,43.99,41.75,CF,48.27
62895,Gabe Lunn,CL,22.0,,,,41.93,54.25,,,,,43.25,56.5,42.41,1.94,0.0,0.0,1.5,-2.0,N/A,False,,,,,,,,,,RP,43.04
62896,Josh Grose,CF,21.0,,,,57.57,59.42,38.0,44.0,53.67,54.5,,,,0.0,0.0,2.5,0.9,0.0,N/A,False,,,,,,41.94,51.66,41.45,38.0,CF,51.66
62897,Randy Millwood,RP,17.0,,,,35.14,49.94,,,,,28.5,48.5,68.38,0.31,0.0,0.0,-1.5,-2.0,N/A,False,,,,,,,,,,RP,38.47
62898,Pete Riling,2B,21.0,,,,40.41,45.21,37.0,45.75,44.75,43.25,,,,0.44,0.0,0.5,0.9,0.0,N/A,False,,,41.11,,,,,,37.0,2B,41.11
62899,Ramiro Guin,CF,17.0,,,,32.57,52.31,25.25,52.75,49.75,32.5,,,,0.88,0.0,0.0,-1.5,0.0,N/A,False,,,,,,29.84,,29.46,25.25,LF,29.84
62900,Yoshii Miwa,SP,18.0,,,,32.0,37.36,,,,,23.75,38.25,41.92,0.0,0.0,1.0,-0.9,0.0,N/A,False,,,,,,,,,,SP,27.38
62901,Chris Bolt,SP,21.0,,,,35.19,38.42,,,,,35.0,41.5,42.38,0.0,0.0,-2.0,0.9,0.0,N/A,False,,,,,,,,,,SP,36.48
62902,Josh Snyder,RP,21.0,,,,39.16,47.82,,,,,40.0,50.5,52.2,0.56,0.0,-1.0,0.9,-2.0,N/A,False,,,,,,,,,,RP,43.05
62903,Jaeden Senegal,RP,18.0,,,,31.1,34.99,,,,,22.25,36.25,44.75,0.0,0.0,-0.5,-0.9,-2.0,N/A,False,,,,,,,,,,RP,27.88
62904,Pete Reed,CL,21.0,,,,45.5,62.54,,,,,42.0,61.25,59.74,1.02,0.0,1.0,0.9,-2.0,N/A,False,,,,,,,,,,RP,46.43
62905,Porter Rathwell,SP,21.0,,,,39.99,49.94,,,,,39.0,49.0,49.35,0.52,0.0,0.0,0.9,0.0,N/A,False,,,,,,,,,,SP,41.07
62906,Wilson Robles,SP,21.0,,,,39.18,48.81,,,,,35.75,46.0,58.4,0.35,0.0,0.0,0.9,0.0,N/A,False,,,,,,,,,,SP,40.28
62907,Ken Campbell,SP,18.0,,,,34.03,44.35,,,,,31.25,48.75,39.6,0.4,0.0,0.5,-0.9,0.0,N/A,False,,,,,,,,,,SP,32.92
62908,Jeremy Stanley,2B,22.0,,,,58.55,64.09,45.0,61.75,56.9,58.0,,,,1.88,0.0,0.0,1.5,0.0,N/A,False,,47.55,52.6,,,47.69,51.99,47.42,45.0,2B,52.6
62909,Mike Love,RP,18.0,,,,38.03,59.49,,,,,32.25,55.5,62.85,0.54,0.0,2.5,-0.9,-2.0,N/A,False,,,,,,,,,,RP,39.9
62910,Doug Misuraca,2B,22.0,,,,42.17,48.48,38.0,48.0,41.88,62.0,,,,0.5,0.0,-1.0,1.5,0.0,N/A,False,,,42.09,43.7,,40.29,,40.78,38.0,3B,43.7
63888,Alejandro Vargas,CF,20.0,,,,55.31,59.7,34.75,48.5,51.62,52.0,,,,0.19,0.0,2.5,0.3,0.0,N/A,False,,35.94,,,,39.62,50.24,39.59,34.75,CF,50.24
63889,Lane McGaughey,RP,22.0,,,,40.87,51.96,,,,,38.75,49.5,61.69,0.46,0.0,-1.0,1.5,-2.0,N/A,False,,,,,,,,,,RP,44.48
63890,Chris Milman,CF,19.0,,,,36.71,51.9,34.5,52.25,59.25,38.25,,,,0.38,0.0,-1.0,-0.3,0.0,N/A,False,,,,,,38.18,,39.0,34.5,RF,39.0
63891,Elliott Labbee,2B,23.0,,,,41.05,50.97,38.75,46.0,0.0,29.75,,,,0.38,0.0,3.0,1.5,0.0,N/A,False,,,,,,,,,38.75,DH,38.75
63892,Jake Wall,C,21.0,,,,50.52,53.93,38.75,48.75,51.25,31.0,,,,0.5,0.0,0.0,0.9,0.0,N/A,False,48.86,39.09,,,,39.74,46.65,40.34,38.75,C,48.86
63893,Jim Rita,RF,21.0,,,,39.76,49.58,36.0,46.75,48.88,62.5,,,,0.5,0.0,0.0,0.9,0.0,N/A,False,,,,,,40.34,,40.83,36.0,RF,40.83
63894,Jared Cantrell,SP,21.0,,,,38.92,46.93,,,,,39.75,49.25,39.95,0.52,0.0,0.0,0.9,0.0,N/A,False,,,,,,,,,,SP,39.79
63895,Julio Campos,C,20.0,,,,44.51,48.37,33.75,43.75,45.0,34.0,,,,0.0,0.0,0.5,0.3,0.0,N/A,False,45.84,,,,,,,34.56,33.75,C,45.84
63896,Jesus Arredondo,RP,21.0,,,,34.27,37.36,,,,,30.5,38.0,46.74,0.0,0.0,0.0,0.9,-2.0,N/A,False,,,,,,,,,,RP,34.56
63897,Tyshawn Mesidor,SP,22.0,,,,39.2,45.85,,,,,35.75,43.5,66.45,0.17,0.0,-2.0,1.5,0.0,N/A,False,,,,,,,,,,SP,41.89
63898,Amari Bess,RP,22.0,,,,35.58,40.91,,,,,37.75,48.5,36.4,0.71,0.0,-1.5,1.5,-2.0,N/A,False,,,,,,,,,,RP,37.41
63899,Ilie Fotachi,LF,21.0,,,,45.51,67.8,43.5,69.5,47.0,39.75,,,,1.31,0.0,1.5,0.9,0.0,N/A,False,,,,,,43.65,,,43.5,LF,43.65
63900,C.J. Gray,SP,23.0,,,,46.18,58.21,,,,,40.75,51.25,48.25,0.56,0.0,3.5,1.5,0.0,N/A,False,,,,,,,,,,SP,42.25
63901,Juan Silva,C,19.0,,,,37.73,50.87,32.0,49.25,46.58,27.0,,,,0.38,0.0,1.5,-0.3,0.0,N/A,False,,,,38.05,,33.41,,34.05,32.0,3B,38.05
63902,Ron Kuster,SP,22.0,,,,35.59,41.56,,,,,30.75,40.75,50.15,0.0,0.0,0.0,1.5,0.0,N/A,False,,,,,,,,,,SP,34.63
63903,Alfredo Trevino,RF,20.0,,,,56.17,67.07,47.75,69.0,51.17,56.0,,,,2.0,0.0,0.5,0.3,0.0,N/A,False,,,,,,49.02,51.09,48.99,47.75,CF,51.09
63904,Yossi Somper,SP,21.0,,,,34.09,38.8,,,,,30.75,40.75,37.8,0.0,0.0,0.0,0.9,0.0,N/A,False,,,,,,,,,,SP,32.16
63905,Danny Quick,SP,22.0,,,,34.81,38.6,,,,,32.25,40.0,44.05,0.0,0.0,-1.5,1.5,0.0,N/A,False,,,,,,,,,,SP,34.61
63906,Chris Hadley,CL,21.0,,,,43.8,57.9,,,,,40.75,53.75,58.6,0.48,0.0,1.5,0.9,-2.0,N/A,False,,,,,,,,,,RP,45.21
63907,Radymir Mulvaney,RP,21.0,,,,54.95,66.76,,,,,43.25,67.25,68.6,1.98,0.0,2.5,0.9,-2.0,N/A,False,,,,,,,,,,RP,49.59
63908,Juan Quintana,SS,21.0,,,,56.82,62.88,41.75,57.25,54.9,55.25,,,,0.88,0.0,2.0,0.9,0.0,N/A,False,,43.95,49.29,50.64,,44.34,,44.64,41.75,3B,50.64
63909,Zach Ensign,RP,21.0,,,,46.24,62.15,,,,,41.25,58.75,72.98,0.77,0.0,-1.0,0.9,-2.0,N/A,False,,,,,,,,,,RP,49.18
63910,Jorge Garibay,RP,23.0,,,,46.95,57.58,,,,,41.75,51.0,67.3,0.17,0.0,0.5,1.5,-2.0,N/A,False,,,,,,,,,,RP,48.14
63911,Pete Page,C,20.0,,,,56.52,60.48,40.75,58.25,50.83,37.75,,,,0.81,0.0,-0.5,0.3,0.0,N/A,False,53.55,,,,,41.2,,41.46,40.75,C,53.55
63912,Andy Byrnes,2B,22.0,,,,45.64,59.78,43.25,56.25,47.33,42.5,,,,0.69,0.0,-0.5,1.5,0.0,N/A,False,,43.59,45.76,,,43.59,,,43.25,2B,45.76
63913,Andy Bunch,CF,22.0,,,,53.13,58.16,39.0,54.75,51.12,55.75,,,,0.88,0.0,-2.0,1.5,0.0,N/A,False,,40.24,,,,42.96,51.38,42.4,39.0,CF,51.38
63914,Esteban Aguiler,SP,20.0,,,,35.71,42.22,,,,,33.5,44.0,38.75,0.0,0.0,1.5,0.3,0.0,N/A,False,,,,,,,,,,SP,34.55
63915,Jim Piwetz,CL,21.0,,,,40.51,52.61,,,,,40.0,52.25,43.38,0.81,0.0,2.5,0.9,-2.0,N/A,False,,,,,,,,,,RP,40.84
63916,Erik Ream,C,22.0,,,,60.66,63.15,39.5,53.25,58.31,24.5,,,,0.69,0.0,4.0,1.5,0.0,N/A,False,49.07,,,,,40.78,52.08,41.23,39.5,CF,52.08
63917,Ken Shafer,RF,18.0,,,,38.11,56.44,35.0,51.5,47.25,32.25,,,,0.88,0.0,3.5,-0.9,0.0,N/A,False,,,,,,36.45,,36.68,35.0,RF,36.68
63918,Chris Norrid,SP,21.0,,,,43.04,56.93,,,,,38.25,50.25,62.05,0.56,0.0,1.0,0.9,0.0,N/A,False,,,,,,,,,,SP,43.01
63919,Rfata Bardha,RP,19.0,,,,38.44,57.95,,,,,32.5,52.25,62.1,0.0,0.0,3.0,-0.3,-2.0,N/A,False,,,,,,,,,,RP,39.9
63920,Joey Alexander,1B,22.0,,,,38.0,47.69,38.0,47.25,40.75,33.0,,,,0.5,0.0,0.0,1.5,0.0,N/A,False,,,,,,37.91,,,38.0,DH,38.0
63921,Voshon Phinnessee,C,20.0,,,,49.03,54.38,32.25,45.0,47.5,29.25,,,,0.12,0.0,3.5,0.3,0.0,N/A,False,45.57,,,,,33.64,,,32.25,C,45.57
63922,Pat Walker,C,21.0,,,,37.0,51.25,38.25,51.75,41.17,38.0,,,,0.69,0.0,-2.0,0.9,0.0,N/A,False,,38.31,,,,38.71,,38.94,38.25,RF,38.94
63923,Pete Anderson,2B,21.0,,,,52.33,63.87,42.5,62.0,51.5,53.25,,,,0.94,0.0,0.0,0.9,0.0,N/A,False,,43.89,49.43,,,44.85,,44.48,42.5,2B,49.43
63924,Mike Skeete,3B,23.0,,,,39.8,43.72,33.75,41.25,46.75,27.5,,,,0.0,0.0,-2.0,1.5,0.0,N/A,False,,34.46,39.09,42.78,,34.25,,35.11,33.75,3B,42.78
63925,Joe Caldwell,RP,22.0,,,,35.35,42.15,,,,,30.25,42.25,44.0,0.0,0.0,2.5,1.5,-2.0,N/A,False,,,,,,,,,,RP,33.69
63926,Caleb Miller,CF,22.0,,,,59.5,62.12,42.0,55.0,58.67,73.5,,,,0.69,0.0,-1.0,1.5,0.0,N/A,False,,,,,,47.59,55.76,47.4,42.0,CF,55.76
63927,Mike Ross,SP,20.0,,,,36.75,42.69,,,,,37.5,47.0,38.85,0.56,0.0,-0.5,0.3,0.0,N/A,False,,,,,,,,,,SP,37.77
63928,Mike Sheehan,CF,21.0,,,,49.24,55.24,39.75,53.5,52.17,57.75,,,,0.62,0.0,-1.5,0.9,0.0,N/A,False,,,,,,43.16,49.59,43.46,39.75,CF,49.59
63929,Butch Kamen,SP,22.0,,,,39.77,52.73,,,,,36.0,48.25,59.5,0.54,0.0,-0.5,1.5,0.0,N/A,False,,,,,,,,,,SP,40.7
63930,Mike Dickens,RP,23.0,,,,36.98,41.75,,,,,35.75,43.5,46.74,0.0,0.0,0.5,1.5,-2.0,N/A,False,,,,,,,,,,RP,38.5
63931,Nate Kucab,RP,20.0,,,,55.74,67.49,,,,,49.0,74.75,66.4,1.9,0.0,0.0,0.3,-2.0,N/A,False,,,,,,,,,,RP,53.35
63932,Dave Hannigan,3B,22.0,,,,48.15,55.19,39.75,49.0,45.19,24.25,,,,0.5,0.0,0.5,1.5,0.0,N/A,False,,39.6,,46.51,,37.67,,38.54,39.75,3B,46.51
63933,Quadir Kizzie,RP,20.0,,,,33.23,38.18,,,,,31.75,45.0,32.77,0.69,0.0,0.0,0.3,-2.0,N/A,False,,,,,,,,,,RP,32.01
63934,Chris Hayes,RP,22.0,,,,33.39,36.75,,,,,29.75,38.75,38.29,0.0,0.0,0.0,1.5,-2.0,N/A,False,,,,,,,,,,RP,31.88
63935,Luis Herrera,SP,23.0,,,,46.36,62.11,,,,,44.0,60.25,62.3,0.77,0.0,-2.0,1.5,0.0,N/A,False,,,,,,,,,,SP,47.66
63936,Marc Rose,3B,21.0,,,,45.28,54.03,38.5,47.5,51.58,31.0,,,,0.44,0.0,3.5,0.9,0.0,N/A,False,,40.27,42.36,,,38.88,,,38.5,2B,42.36
63937,Nate Studholme,CF,22.0,,,,47.27,52.56,37.75,49.5,48.5,54.25,,,,0.62,0.0,0.0,1.5,0.0,N/A,False,,,,,,40.83,46.37,41.01,37.75,CF,46.37
63938,Andy Burdick,RP,21.0,,,,37.8,44.73,,,,,36.5,46.5,44.1,0.42,0.0,2.0,0.9,-2.0,N/A,False,,,,,,,,,,RP,38.4
63939,Mike Scott,SS,21.0,,,,48.15,56.71,38.0,49.75,50.9,53.5,,,,0.56,0.0,0.0,0.9,0.0,N/A,False,,40.57,45.74,47.55,,40.34,,40.75,38.0,3B,47.55
63940,Josh Ayala,SP,22.0,,,,31.36,32.78,,,,,23.75,29.25,39.45,0.0,0.0,-0.5,1.5,0.0,N/A,False,,,,,,,,,,SP,24.39
