ID,Name,Pos,Age,Team,Org,League_Level,VOS_Score,VOS_Potential,Batting_Score,Batting_Potential,Defense_Score,Baserunning_Score,Pitching_Ability_Score,Pitching_Arsenal_Score,Development_Adj,Age_Adj,Personality_Adj,Park_Name,Park_Applied,C_Score,1B_Score,2B_Score,3B_Score,SS_Score,LF_Score,CF_Score,RF_Score,DH_Score,Ideal_Position,Ideal_Value,_Ideal_Position
143590,Ken Kenaston,1B,23.0,Atlanta (DSL) Braves,Atlanta Braves,R,34.38,44.79,35.61,49.84,43.0,28.9,,,0.69,-3.0,0.0,WWOBA Park,True,,36.01,,,,,,,35.61,1B,36.01,1B
140829,Arturo Espinoza,1B,19.0,Atlanta (DSL) Braves,Atlanta Braves,R,33.72,59.17,29.74,56.61,40.0,42.18,,,0.81,0.0,0.0,WWOBA Park,True,,31.39,,,,,,,29.74,1B,31.39,1B
139562,Sergio Serrano,2B,24.0,Atlanta Braves,Atlanta Braves,ML,58.71,57.65,48.21,48.21,44.1,63.03,,,1.0,3.0,2.0,WWOBA Park,True,,48.03,50.14,,,,,,48.21,2B,50.14,2B
135066,Jorge Calvillo,RF,23.0,Rome Braves,Atlanta Braves,A,48.85,53.56,43.72,49.48,52.5,59.17,,,0.25,-3.0,2.5,WWOBA Park,True,,45.62,49.65,49.64,,46.1,,46.15,43.72,2B,49.65,2B
138233,Juan Mora,SS,23.0,Atlanta Braves,Atlanta Braves,ML,51.36,56.21,44.62,51.24,53.7,39.14,,,0.31,3.0,-1.0,WWOBA Park,True,,46.29,48.4,,,,,43.81,44.62,2B,48.4,2B
1513,Juan Becerra,2B,23.0,Rome Braves,Atlanta Braves,A,38.41,44.04,36.35,50.6,48.11,68.18,,,0.69,-3.0,-3.0,WWOBA Park,True,,39.51,45.87,,,40.37,,,36.35,2B,45.87,2B
49773,Jorge Rangel,2B,22.0,Atlanta Braves,Atlanta Braves,ML,54.94,62.68,42.87,54.48,44.73,42.92,,,0.62,3.0,3.5,WWOBA Park,True,,42.58,45.83,,,,,,42.87,2B,45.83,2B
138869,Tim Oquendo,2B,22.0,Augusta GreenJackets,Atlanta Braves,A,43.13,48.44,38.11,46.6,49.89,47.9,,,0.44,-2.5,2.5,WWOBA Park,True,,39.39,45.11,44.93,,,,,38.11,2B,45.11,2B
45866,Jaheim Loving,2B,23.0,Rome Braves,Atlanta Braves,A,37.37,48.99,37.62,54.98,47.98,38.6,,,0.88,-3.0,-2.5,WWOBA Park,True,,38.41,43.72,,,,,,37.62,2B,43.72,2B
141374,Ben Lankford,2B,19.0,Augusta GreenJackets,Atlanta Braves,A,47.49,64.79,32.86,59.59,49.66,49.38,,,0.88,3.0,2.0,WWOBA Park,True,,35.9,42.76,,,36.0,,,32.86,2B,42.76,2B
139905,Danny Menefee,2B,22.0,Augusta GreenJackets,Atlanta Braves,A,39.7,44.65,37.87,47.24,44.41,51.89,,,0.44,-2.5,2.0,WWOBA Park,True,,,42.21,,,,,,37.87,2B,42.21,2B
144450,Rafaello Lozano,2B,19.0,Atlanta (FCL) Braves,Atlanta Braves,R,41.32,59.17,30.74,54.6,50.59,47.9,,,0.69,0.0,2.0,WWOBA Park,True,,33.62,41.2,,,,,,30.74,2B,41.2,2B
136424,Santiago Mendoza,2B,22.0,Atlanta (FCL) Braves,Atlanta Braves,R,38.46,51.65,28.0,51.38,44.58,46.28,,,0.62,-3.0,2.5,WWOBA Park,True,,30.32,40.49,,,31.64,,,28.0,2B,40.49,2B
141477,Jared Adams,2B,20.0,Atlanta (FCL) Braves,Atlanta Braves,R,36.32,42.05,30.11,46.72,43.92,47.61,,,0.31,-3.0,0.0,WWOBA Park,True,,32.27,40.11,,,33.39,,,30.11,2B,40.11,2B
143196,Alejandro Balderrama,2B,20.0,Rome Braves,Atlanta Braves,A,38.84,48.61,26.86,44.99,43.97,56.11,,,0.0,2.5,-1.0,WWOBA Park,True,,30.04,39.61,,,31.86,,32.14,26.86,2B,39.61,2B
145732,Luis Abreu,2B,18.0,Atlanta Braves,Atlanta Braves,,36.08,45.19,22.86,45.36,47.28,49.15,,,0.0,0.0,-1.0,WWOBA Park,True,,26.49,38.01,,,28.84,,,22.86,2B,38.01,2B
141781,Daniel Maravilla,3B,19.0,Atlanta Braves,Atlanta Braves,,38.41,51.83,27.86,47.97,47.51,37.32,,,0.5,0.0,3.0,WWOBA Park,True,,30.45,37.05,,,,,31.73,27.86,2B,37.05,2B
139154,Juan Coronado,2B,20.0,Atlanta (FCL) Braves,Atlanta Braves,R,33.96,39.28,24.49,44.24,46.07,42.97,,,0.0,-3.0,0.0,WWOBA Park,True,,27.47,35.77,,,29.83,,,24.49,2B,35.77,2B
142457,Frank Villalobos,2B,19.0,Gwinnett Stripers,Atlanta Braves,AAA,37.44,64.35,24.37,60.25,45.09,42.19,,,0.19,3.0,0.5,WWOBA Park,True,,27.32,35.52,,,,,,24.37,2B,35.52,2B
142728,Danny Waters,2B,19.0,Atlanta (DSL) Braves,Atlanta Braves,R,33.83,40.91,22.74,44.48,45.95,34.61,,,0.0,0.0,-1.0,WWOBA Park,True,,25.86,33.45,,,,,,22.74,2B,33.45,2B
136476,Juan Soto,2B,20.0,Atlanta (DSL) Braves,Atlanta Braves,R,33.23,39.86,24.11,43.84,41.68,26.63,,,0.0,-3.0,1.5,WWOBA Park,True,,25.83,32.49,,,26.98,,27.19,24.11,2B,32.49,2B
139757,Juan Morales,2B,27.0,Mississippi Braves,Atlanta Braves,AA,55.48,54.07,48.36,48.36,60.61,48.07,,,1.0,-3.0,-1.0,WWOBA Park,True,,49.81,53.89,56.36,,49.05,,50.08,48.36,3B,56.36,3B
135981,Juan Flores,2B,25.0,Atlanta Braves,Atlanta Braves,ML,60.96,60.49,54.48,55.47,53.19,27.08,,,1.06,2.4,-0.5,WWOBA Park,True,,53.36,50.72,55.67,,,,50.07,54.48,3B,55.67,3B
45144,Sergio Galindo,SS,25.0,Atlanta Braves,Atlanta Braves,ML,56.47,55.17,52.36,52.36,47.75,49.38,,,1.0,2.4,-3.0,WWOBA Park,True,,,,53.72,,,,50.18,52.36,3B,53.72,3B
138672,Floyd Bigalow,3B,26.0,Mississippi Braves,Atlanta Braves,AA,52.02,53.75,43.23,45.6,62.15,58.36,,,0.12,-3.0,1.0,WWOBA Park,True,,46.56,,52.96,,46.34,,47.64,43.23,3B,52.96,3B
139714,Jaquan Gillens,3B,26.0,Gwinnett Stripers,Atlanta Braves,AAA,49.75,52.4,45.11,48.35,52.71,39.25,,,0.19,0.0,-1.0,WWOBA Park,True,,44.91,,50.69,,45.51,,46.01,45.11,3B,50.69,3B
50711,Wilfredo Cornejo,1B,30.0,Atlanta Braves,Atlanta Braves,ML,47.04,45.51,48.35,48.35,52.31,27.3,,,1.0,-3.0,0.0,WWOBA Park,True,,47.67,,50.36,,46.5,,46.81,48.35,3B,50.36,3B
45855,Tim DeSarno,RF,24.0,Mississippi Braves,Atlanta Braves,AA,47.81,49.52,43.74,45.86,49.17,26.65,,,0.12,0.0,0.0,WWOBA Park,True,,43.41,,48.69,,41.93,,42.67,43.74,3B,48.69,3B
138793,Joe Lamb,1B,26.0,Mississippi Braves,Atlanta Braves,AA,40.66,42.18,42.23,45.6,54.31,26.62,,,0.19,-3.0,-1.0,WWOBA Park,True,,42.53,,47.03,,,,42.63,42.23,3B,47.03,3B
138698,Bobby Winchester,3B,26.0,Mississippi Braves,Atlanta Braves,AA,41.13,45.73,40.62,49.11,48.78,22.78,,,0.44,-3.0,0.0,WWOBA Park,True,,40.87,42.58,46.27,,39.09,,39.57,40.62,3B,46.27,3B
45057,Jesus Pineda,3B,21.0,Atlanta (FCL) Braves,Atlanta Braves,R,38.92,47.66,37.87,51.73,46.95,40.67,,,0.69,-3.0,0.0,WWOBA Park,True,,38.92,41.66,43.53,,39.2,,39.52,37.87,3B,43.53,3B
138955,Joe Letarte,C,22.0,Rome Braves,Atlanta Braves,A,36.23,38.47,36.86,43.6,43.48,44.57,,,0.0,-2.5,-3.0,WWOBA Park,True,,37.86,,42.77,,,,37.85,36.86,3B,42.77,3B
136485,Juan Orellana,3B,21.0,Atlanta (FCL) Braves,Atlanta Braves,R,37.8,46.52,27.62,44.24,49.12,68.43,,,0.0,-3.0,0.0,WWOBA Park,True,,31.8,40.18,42.72,,34.22,,,27.62,3B,42.72,3B
144110,Lupe Zamacona,SS,19.0,Atlanta (FCL) Braves,Atlanta Braves,R,39.92,56.02,33.25,53.76,51.02,37.66,,,0.44,0.0,0.0,WWOBA Park,True,,35.65,39.4,41.97,,,,,33.25,3B,41.97,3B
143472,Jeff Beer,3B,20.0,Atlanta (FCL) Braves,Atlanta Braves,R,38.46,49.72,34.87,51.36,48.8,40.78,,,0.31,-3.0,1.5,WWOBA Park,True,,37.07,40.32,41.81,,37.22,,37.43,34.87,3B,41.81,3B
139166,Luis Loredo,SS,21.0,Atlanta (FCL) Braves,Atlanta Braves,R,35.61,43.59,27.62,48.11,51.56,47.31,,,0.5,-3.0,-3.0,WWOBA Park,True,,31.04,41.67,41.68,,32.44,,32.65,27.62,3B,41.68,3B
139243,Luis Silva,SS,21.0,Atlanta (DSL) Braves,Atlanta Braves,R,35.33,40.29,26.12,40.49,54.43,48.38,,,0.0,-3.0,-3.0,WWOBA Park,True,,30.72,39.51,41.64,,31.93,,32.25,26.12,3B,41.64,3B
136505,David Rosario,SS,22.0,Atlanta (FCL) Braves,Atlanta Braves,R,37.04,45.66,28.62,47.12,50.13,49.9,,,0.38,-3.0,0.5,WWOBA Park,True,,,40.11,40.72,,33.56,,34.04,28.62,3B,40.72,3B
136222,Luis Mendoza,SS,21.0,Atlanta (FCL) Braves,Atlanta Braves,R,38.44,52.15,25.87,48.11,50.12,40.88,,,0.56,-3.0,3.0,WWOBA Park,True,,29.13,,40.03,,30.21,,30.83,25.87,3B,40.03,3B
144639,Juan Muraira,SS,18.0,Atlanta Braves,Atlanta Braves,,38.24,53.17,26.0,50.14,52.84,55.98,,,0.62,0.0,0.0,WWOBA Park,True,,30.5,39.53,39.7,,,,,26.0,3B,39.7,3B
144288,Alfredo Villalpando,SS,18.0,Atlanta Braves,Atlanta Braves,,38.99,49.25,23.86,40.48,47.33,64.49,,,0.0,0.0,2.0,WWOBA Park,True,,,38.77,39.3,,,,30.4,23.86,3B,39.3,3B
144451,Juan Dopico,3B,18.0,Atlanta (DSL) Braves,Atlanta Braves,R,39.1,63.93,30.37,60.51,46.82,28.9,,,0.88,3.0,-0.5,WWOBA Park,True,,31.86,,38.07,,,,,30.37,3B,38.07,3B
47627,Sergio Ramos,1B,18.0,Atlanta (DSL) Braves,Atlanta Braves,R,36.32,57.59,28.98,56.08,43.68,32.77,,,0.88,3.0,-4.0,WWOBA Park,True,,30.58,,37.56,,,,31.08,28.98,3B,37.56,3B
139516,Nelson Landeros,C,23.0,Gwinnett Stripers,Atlanta Braves,AAA,61.25,60.91,47.36,50.11,45.2,22.3,,,1.12,3.0,1.5,WWOBA Park,True,53.38,45.47,,,,,,43.28,47.36,C,53.38,C
43616,J.P. Cwiak,C,24.0,Mississippi Braves,Atlanta Braves,AA,56.39,57.49,42.62,47.36,51.71,24.12,,,0.25,0.0,1.0,WWOBA Park,True,52.81,,,,,,,41.11,42.62,C,52.81,C
138673,Alfredo Camargo,C,26.0,Atlanta Braves,Atlanta Braves,ML,56.52,55.81,46.74,48.99,45.27,33.13,,,1.12,1.2,0.0,WWOBA Park,True,51.84,,,,,43.7,,,46.74,C,51.84,C
50368,Jorge Almazan,C,22.0,Augusta GreenJackets,Atlanta Braves,A,49.27,52.68,36.5,43.86,47.52,24.58,,,0.0,-2.5,1.0,WWOBA Park,True,51.13,,,,,,,35.35,36.5,C,51.13,C
146921,Noe Montelongo,C,16.0,Atlanta Braves,Atlanta Braves,,41.88,52.87,24.62,52.73,53.28,46.62,,,-0.12,0.0,-4.0,WWOBA Park,True,48.56,,,,,30.48,,31.17,24.62,C,48.56,C
139008,Jon Craig,C,22.0,Augusta GreenJackets,Atlanta Braves,A,42.32,44.23,31.74,38.11,44.56,32.54,,,0.0,-2.5,0.5,WWOBA Park,True,46.84,,,,,32.89,,33.29,31.74,C,46.84,C
143631,Ben Vulliet,C,22.0,Atlanta (DSL) Braves,Atlanta Braves,R,41.76,44.93,36.86,49.86,46.75,28.67,,,0.62,-3.0,0.0,WWOBA Park,True,46.7,36.86,,,,37.67,,,36.86,C,46.7,C
139728,Erik Perdomo,C,27.0,Mississippi Braves,Atlanta Braves,AA,40.46,40.7,43.24,44.24,44.95,28.42,,,0.0,-3.0,0.0,WWOBA Park,True,46.01,,,,,41.52,,,43.24,C,46.01,C
141434,Colton Sceviour,C,19.0,Atlanta (FCL) Braves,Atlanta Braves,R,40.89,46.79,27.11,48.34,46.84,43.8,,,0.56,0.0,-3.0,WWOBA Park,True,45.89,,,,,,,30.85,27.11,C,45.89,C
50352,Luis Monterroso,C,20.0,Atlanta (DSL) Braves,Atlanta Braves,R,38.35,41.82,25.62,41.24,50.62,37.86,,,0.0,-3.0,0.0,WWOBA Park,True,43.47,,,,,30.65,,30.59,25.62,C,43.47,C
136598,Alfredo Montes,C,19.0,Atlanta (DSL) Braves,Atlanta Braves,R,42.9,53.19,22.25,46.74,51.45,20.48,,,-0.31,0.0,2.5,WWOBA Park,True,43.16,,,,,26.23,,26.55,22.25,C,43.16,C
144244,Jesus Alaniz,C,18.0,Atlanta (FCL) Braves,Atlanta Braves,R,43.95,54.14,23.25,46.49,44.02,24.55,,,-0.38,3.0,0.5,WWOBA Park,True,43.09,,,,,25.37,,,23.25,C,43.09,C
142661,Mike Mundy,C,19.0,Atlanta (DSL) Braves,Atlanta Braves,R,41.48,50.59,24.62,48.11,48.09,38.91,,,-0.38,0.0,1.5,WWOBA Park,True,42.93,,,,,,,29.32,24.62,C,42.93,C
137742,Vicente Marmol,C,21.0,Atlanta (DSL) Braves,Atlanta Braves,R,37.21,40.82,26.86,44.99,49.62,22.78,,,0.0,-3.0,-1.0,WWOBA Park,True,42.85,,,,,29.81,,29.87,26.86,C,42.85,C
139391,Ynilo Rivera,C,19.0,Atlanta (FCL) Braves,Atlanta Braves,R,40.04,44.54,28.74,45.24,46.12,24.58,,,0.0,0.0,0.0,WWOBA Park,True,42.54,,,,,30.54,,,28.74,C,42.54,C
44311,Edgar Romero,C,19.0,Atlanta (FCL) Braves,Atlanta Braves,R,39.43,42.25,32.49,44.23,43.09,23.78,,,0.0,0.0,0.5,WWOBA Park,True,41.34,,,,,,,32.81,32.49,C,41.34,C
141802,Edgar Figueroa,C,21.0,Augusta GreenJackets,Atlanta Braves,A,40.29,45.69,28.49,45.98,43.55,28.88,,,0.38,0.0,1.5,WWOBA Park,True,40.94,,,,,,,30.39,28.49,C,40.94,C
137724,Luis Mendoza,C,21.0,Atlanta (FCL) Braves,Atlanta Braves,R,36.37,39.92,24.62,44.24,44.55,32.49,,,0.0,-3.0,0.0,WWOBA Park,True,40.5,,,,,,,28.07,24.62,C,40.5,C
142284,Edgar Rocha,C,20.0,Atlanta (FCL) Braves,Atlanta Braves,R,35.98,38.94,25.62,43.23,44.15,27.67,,,0.0,-3.0,-0.5,WWOBA Park,True,40.34,,,,,28.25,,,25.62,C,40.34,C
42453,Dan Salazar,CF,33.0,Atlanta Braves,Atlanta Braves,ML,65.93,65.47,52.21,52.21,60.11,81.92,,,1.0,-3.0,3.0,WWOBA Park,True,,,50.1,,,57.32,65.97,56.63,52.21,CF,65.97,CF
48766,Jake Clark,LF,25.0,Atlanta Braves,Atlanta Braves,ML,65.73,65.6,50.98,53.97,54.72,64.06,,,1.19,2.4,2.0,WWOBA Park,True,,50.53,48.33,,,54.21,60.95,53.98,50.98,CF,60.95,CF
139727,Danny Phillips,LF,26.0,Gwinnett Stripers,Atlanta Braves,AAA,61.94,62.92,46.47,56.21,54.17,56.96,,,1.5,0.0,-0.5,WWOBA Park,True,,46.55,46.6,,,49.9,58.92,49.14,46.47,CF,58.92,CF
139682,Andy Hollister,LF,26.0,Gwinnett Stripers,Atlanta Braves,AAA,61.33,62.14,43.11,47.6,52.52,74.98,,,0.25,0.0,1.5,WWOBA Park,True,,44.29,46.55,,,48.76,57.35,48.49,43.11,CF,57.35,CF
45903,Josh Johns,CF,23.0,Rome Braves,Atlanta Braves,A,55.01,54.24,46.47,48.23,57.7,57.92,,,1.06,-3.0,-1.5,WWOBA Park,True,,,,,,49.49,56.44,48.63,46.47,CF,56.44,CF
139664,Ian Robinson,RF,23.0,Atlanta Braves,Atlanta Braves,ML,63.64,63.32,47.85,49.84,55.08,53.16,,,1.12,3.0,2.0,WWOBA Park,True,,,45.49,,,49.83,56.38,50.32,47.85,CF,56.38,CF
138728,Amari Governor,CF,22.0,Augusta GreenJackets,Atlanta Braves,A,57.17,59.19,39.49,47.11,55.48,69.86,,,0.38,-2.5,0.5,WWOBA Park,True,,41.56,49.39,,52.16,45.46,56.34,,39.49,CF,56.34,CF
47437,Kevin Gibson,CF,25.0,Atlanta Braves,Atlanta Braves,ML,59.64,61.68,45.74,55.6,52.32,65.38,,,0.5,2.4,-2.0,WWOBA Park,True,,46.15,47.92,,,49.36,56.2,49.58,45.74,CF,56.2,CF
139851,Johnny Mulvey,CF,26.0,Gwinnett Stripers,Atlanta Braves,AAA,62.49,61.95,48.23,49.23,49.08,60.76,,,1.06,0.0,3.5,WWOBA Park,True,,47.73,47.33,,,50.72,56.14,,48.23,CF,56.14,CF
135799,Luis Adame,RF,27.0,Atlanta Braves,Atlanta Braves,ML,59.67,58.71,53.35,53.35,58.6,48.06,,,1.0,0.0,0.0,WWOBA Park,True,,,,,,53.61,56.13,53.69,53.35,CF,56.13,CF
43438,Eric Grubb,LF,23.0,Gwinnett Stripers,Atlanta Braves,AAA,62.04,61.53,46.09,47.34,55.26,61.01,,,1.06,3.0,0.0,WWOBA Park,True,,,47.07,,,49.48,56.0,49.25,46.09,CF,56.0,CF
140954,Josh Pearlman,LF,25.0,Atlanta Braves,Atlanta Braves,ML,61.27,61.46,49.22,54.22,57.37,56.11,,,1.25,2.4,-0.5,WWOBA Park,True,,,,,,51.07,55.88,50.96,49.22,CF,55.88,CF
139134,Derris Blaylock,RF,22.0,Rome Braves,Atlanta Braves,A,57.76,59.14,41.6,47.09,61.13,42.24,,,0.31,-2.5,2.0,WWOBA Park,True,,,,,,44.47,55.43,44.47,41.6,CF,55.43,CF
43928,Luis Vaca,LF,23.0,Atlanta Braves,Atlanta Braves,ML,62.23,61.85,46.6,48.6,53.7,60.99,,,1.12,3.0,2.0,WWOBA Park,True,,,,,,49.1,54.2,48.58,46.6,CF,54.2,CF
139713,Mike Stevenson,2B,22.0,Mississippi Braves,Atlanta Braves,AA,60.06,60.38,42.6,43.85,59.05,49.86,,,0.0,3.0,0.5,WWOBA Park,True,,43.7,50.26,52.46,,45.82,54.06,46.49,42.6,CF,54.06,CF
137972,Wladimir Oerlemans,LF,20.0,Rome Braves,Atlanta Braves,A,61.19,63.19,40.99,52.36,56.13,43.7,,,0.56,2.5,2.5,WWOBA Park,True,,,,,,43.4,53.36,43.1,40.99,CF,53.36,CF
141605,Juan Castro,CF,21.0,Rome Braves,Atlanta Braves,A,58.59,61.8,35.86,50.72,54.39,36.55,,,0.75,0.0,2.5,WWOBA Park,True,,,40.0,39.61,,39.45,52.77,39.82,35.86,CF,52.77,CF
139924,Joe Price,CF,22.0,Augusta GreenJackets,Atlanta Braves,A,48.98,52.03,40.75,46.12,54.93,63.23,,,0.0,-2.5,0.0,WWOBA Park,True,,,,,,45.19,51.97,44.86,40.75,CF,51.97,CF
138541,Jamie Panella,LF,23.0,Mississippi Braves,Atlanta Braves,AA,55.71,56.14,43.23,44.35,57.79,42.55,,,0.0,2.0,0.0,WWOBA Park,True,,44.27,,50.81,,45.17,51.52,46.0,43.23,CF,51.52,CF
141395,Brad Foster,CF,20.0,Atlanta (FCL) Braves,Atlanta Braves,R,47.97,56.77,31.86,51.72,52.27,64.47,,,0.5,-3.0,0.0,WWOBA Park,True,,,39.2,,,38.81,51.41,,31.86,CF,51.41,CF
138927,Eddie Cunningham,CF,22.0,Augusta GreenJackets,Atlanta Braves,A,46.64,49.97,34.87,41.11,57.2,39.94,,,0.0,-2.5,0.5,WWOBA Park,True,,,,,,38.54,50.11,38.8,34.87,CF,50.11,CF
139595,Alfredo Romero,CF,23.0,Rome Braves,Atlanta Braves,A,44.47,47.5,36.5,43.23,54.93,41.53,,,0.0,-3.0,0.0,WWOBA Park,True,,,,,,39.83,49.61,39.5,36.5,CF,49.61,CF
135349,Daniel Fachinetti,RF,21.0,Mississippi Braves,Atlanta Braves,AA,59.37,61.72,38.11,49.35,54.77,37.55,,,0.56,3.0,4.0,WWOBA Park,True,,,,,,40.49,49.25,40.53,38.11,CF,49.25,CF
45533,Andres Murillo,RF,20.0,Atlanta (FCL) Braves,Atlanta Braves,R,46.17,52.87,29.74,42.36,57.2,44.52,,,0.0,-3.0,2.0,WWOBA Park,True,,,,,,35.15,48.8,35.42,29.74,CF,48.8,CF
140236,Jorge Castillo,CF,21.0,Rome Braves,Atlanta Braves,A,49.5,54.81,35.86,48.35,49.46,39.85,,,0.62,0.0,0.5,WWOBA Park,True,,36.58,40.91,,,38.64,48.62,38.87,35.86,CF,48.62,CF
147044,Ignacio Torrez,CF,16.0,Atlanta Braves,Atlanta Braves,,47.18,60.4,25.13,56.64,54.27,53.23,,,-0.06,0.0,0.0,WWOBA Park,True,,28.52,,,,32.71,48.5,32.6,25.13,CF,48.5,CF
145596,Juan Rodriges,CF,17.0,Atlanta Braves,Atlanta Braves,,46.37,56.42,29.74,52.11,53.37,41.68,,,0.56,0.0,0.5,WWOBA Park,True,,,,,,34.23,46.87,34.46,29.74,CF,46.87,CF
146800,Burt Bywaters,CF,17.0,Atlanta (DSL) Braves,Atlanta Braves,R,47.2,65.05,26.99,64.1,54.77,42.22,,,1.31,3.0,-2.0,WWOBA Park,True,,,,,,32.62,46.15,32.66,26.99,CF,46.15,CF
137405,Willem Calleson,CF,20.0,Rome Braves,Atlanta Braves,A,48.05,56.53,29.74,48.6,51.82,49.13,,,0.44,2.5,0.0,WWOBA Park,True,,,,,,34.77,46.02,,29.74,CF,46.02,CF
140626,Sergio Moreno,CF,19.0,Atlanta (FCL) Braves,Atlanta Braves,R,44.33,61.7,30.62,59.59,49.77,46.57,,,1.0,0.0,0.0,WWOBA Park,True,,,,,,35.02,45.5,34.77,30.62,CF,45.5,CF
144459,Juan Duenas,CF,18.0,Atlanta Braves,Atlanta Braves,,42.33,50.68,25.11,45.09,49.6,49.61,,,0.5,0.0,1.0,WWOBA Park,True,,,,,,31.04,43.35,31.17,25.11,CF,43.35,CF
143231,Nelson Flores,CF,19.0,Atlanta (FCL) Braves,Atlanta Braves,R,40.21,50.55,21.49,45.6,50.93,28.93,,,-0.31,0.0,1.0,WWOBA Park,True,,,,,,26.53,42.04,26.53,21.49,CF,42.04,CF
135723,Dan Hall,1B,26.0,Atlanta Braves,Atlanta Braves,ML,61.1,60.27,55.11,55.11,44.69,26.78,,,1.0,1.2,1.5,WWOBA Park,True,,52.58,47.69,,,50.78,,,55.11,DH,55.11,DH
142433,Dan Harvey,C,24.0,Atlanta Braves,Atlanta Braves,ML,61.95,61.99,53.37,54.49,48.84,26.65,,,1.06,3.0,2.5,WWOBA Park,True,51.6,,,,,49.41,,50.04,53.37,DH,53.37,DH
47435,Ben Downey,1B,26.0,Atlanta Braves,Atlanta Braves,ML,55.5,55.58,51.11,52.23,0.0,22.73,,,1.06,1.2,0.0,WWOBA Park,True,,,,,,,,,51.11,DH,51.11,DH
142111,Jeremy Edwards,1B,21.0,Augusta GreenJackets,Atlanta Braves,A,51.41,58.02,46.87,52.98,40.0,34.36,,,1.38,0.0,2.5,WWOBA Park,True,,45.55,,,,,,,46.87,DH,46.87,DH
140438,Ernesto Ramirez,C,22.0,Augusta GreenJackets,Atlanta Braves,A,42.28,43.66,45.24,46.48,42.5,20.48,,,0.06,-2.5,2.0,WWOBA Park,True,42.08,,,,,,,,45.24,DH,45.24,DH
139922,Juan Barajas,1B,22.0,Rome Braves,Atlanta Braves,A,38.03,42.75,42.23,47.72,47.2,20.48,,,0.31,-2.5,0.0,WWOBA Park,True,,41.92,41.04,,,,,,42.23,DH,42.23,DH
139613,Jorge Delpradal,1B,23.0,Rome Braves,Atlanta Braves,A,36.69,39.44,41.35,45.35,43.64,26.63,,,0.19,-3.0,-0.5,WWOBA Park,True,,,,,,40.17,,40.27,41.35,DH,41.35,DH
47086,Phil Starnes,CL,24.0,Atlanta Braves,Atlanta Braves,ML,34.51,38.65,30.99,37.87,0.0,23.53,,,0.0,3.0,0.0,WWOBA Park,True,,,,,,,,,30.99,DH,30.99,DH
52111,David Sayago,1B,21.0,Rome Braves,Atlanta Braves,A,32.16,37.63,29.98,41.48,0.0,29.47,,,0.0,0.0,-2.0,WWOBA Park,True,,,,,,,,,29.98,DH,29.98,DH
142537,Zaire Uqdah,1B,18.0,Atlanta (FCL) Braves,Atlanta Braves,R,34.01,66.86,28.62,66.25,0.0,39.71,,,1.25,3.0,0.0,WWOBA Park,True,,,,,,,,,28.62,DH,28.62,DH
140660,Juan Vieyra,1B,20.0,Atlanta (DSL) Braves,Atlanta Braves,R,30.74,40.56,25.62,46.11,0.0,26.65,,,0.5,-3.0,0.0,WWOBA Park,True,,,,,,,,,25.62,DH,25.62,DH
142662,Roman Reynolds,1B,19.0,Gwinnett Stripers,Atlanta Braves,AAA,31.06,58.67,22.74,54.6,0.0,25.6,,,0.06,3.0,-1.5,WWOBA Park,True,,,,,,,,,22.74,DH,22.74,DH
138633,Tommy McCullough,CL,23.0,Augusta GreenJackets,Atlanta Braves,A,29.94,34.17,22.25,35.75,0.0,29.68,,,0.0,-3.0,0.5,WWOBA Park,True,,,,,,,,,22.25,DH,22.25,DH
141602,Juan Perea,CL,21.0,Augusta GreenJackets,Atlanta Braves,A,30.17,33.63,21.74,32.99,0.0,22.3,,,0.0,0.0,-1.0,WWOBA Park,True,,,,,,,,,21.74,DH,21.74,DH
146890,Uberto Corsi,3B,17.0,Atlanta Braves,Atlanta Braves,,30.59,48.11,21.74,47.99,0.0,35.87,,,-0.25,0.0,1.0,WWOBA Park,True,,,,,,,,,21.74,DH,21.74,DH
138906,Mike Mikula,LF,22.0,Rome Braves,Atlanta Braves,A,37.64,42.1,39.74,47.11,46.9,47.7,,,0.38,-2.5,0.0,WWOBA Park,True,,,,,,41.61,,,39.74,LF,41.61,LF
141567,Juan Urena,LF,21.0,Augusta GreenJackets,Atlanta Braves,A,36.18,43.82,36.62,46.11,43.55,26.83,,,0.5,0.0,0.0,WWOBA Park,True,,,,,,36.68,,,36.62,LF,36.68,LF
44448,Edgar Villafuerte,3B,19.0,Atlanta (DSL) Braves,Atlanta Braves,R,35.84,45.14,32.49,45.74,54.12,40.37,,,0.0,0.0,0.5,WWOBA Park,True,,35.34,,,,36.1,,,32.49,LF,36.1,LF
141293,Tzu-yu Fok,RF,20.0,Augusta GreenJackets,Atlanta Braves,A,36.27,43.99,29.62,41.48,49.17,51.0,,,0.0,2.5,0.0,WWOBA Park,True,,,,,,34.85,,34.53,29.62,LF,34.85,LF
137640,Dantae Vargas,CF,21.0,Atlanta (DSL) Braves,Atlanta Braves,R,33.93,41.28,28.62,43.48,53.3,39.17,,,0.0,-3.0,2.0,WWOBA Park,True,,,,,,33.71,,33.05,28.62,LF,33.71,LF
142726,Alexis Serrano,LF,19.0,Atlanta (FCL) Braves,Atlanta Braves,R,34.34,65.31,27.12,65.13,44.4,48.1,,,1.31,0.0,0.5,WWOBA Park,True,,,,,,31.81,,,27.12,LF,31.81,LF
144475,Sergio Astorga,1B,19.0,Atlanta Braves,Atlanta Braves,,32.5,52.69,27.99,53.48,39.3,33.79,,,0.75,0.0,-2.0,WWOBA Park,True,,,,,,30.26,,,27.99,LF,30.26,LF
139940,Jon Pientka,CL,25.0,Gwinnett Stripers,Atlanta Braves,AAA,33.4,37.83,29.38,38.26,37.55,22.53,,,0.0,1.5,0.0,WWOBA Park,True,,,,,,29.92,,,29.38,LF,29.92,LF
143296,Vicente Fragoso,LF,19.0,Atlanta (DSL) Braves,Atlanta Braves,R,33.62,52.05,25.87,49.6,47.09,32.18,,,0.69,0.0,1.5,WWOBA Park,True,,,,,,29.77,,29.6,25.87,LF,29.77,LF
144467,Juan Peru,1B,19.0,Atlanta (FCL) Braves,Atlanta Braves,R,33.12,52.89,25.87,51.1,47.75,28.93,,,0.75,0.0,0.5,WWOBA Park,True,,,,,,29.46,,,25.87,LF,29.46,LF
142493,Randy Bor,LF,19.0,Atlanta (FCL) Braves,Atlanta Braves,R,32.93,62.35,27.12,60.5,40.9,26.67,,,1.06,0.0,0.0,WWOBA Park,True,,,,,,29.14,,,27.12,LF,29.14,LF
146828,Sergio Trejo,CF,16.0,Atlanta Braves,Atlanta Braves,,32.24,43.05,21.62,44.6,51.47,37.41,,,0.0,0.0,0.5,WWOBA Park,True,,,,,,27.74,,27.61,21.62,LF,27.74,LF
146578,Juan Rangel,CF,17.0,Atlanta Braves,Atlanta Braves,,31.33,38.06,21.74,41.49,45.15,41.98,,,0.0,0.0,-2.0,WWOBA Park,True,,,,,,27.28,,,21.74,LF,27.28,LF
141074,Ken Price,CL,21.0,Gwinnett Stripers,Atlanta Braves,AAA,32.34,36.22,21.74,33.36,40.15,32.11,,,0.0,3.0,0.0,WWOBA Park,True,,,,,,25.54,,,21.74,LF,25.54,LF
136630,Luis de Anda,CL,17.0,Atlanta Braves,Atlanta Braves,,31.81,34.4,20.49,29.62,45.87,22.53,,,0.0,0.0,2.0,WWOBA Park,True,,22.75,,,,24.9,,24.69,20.49,LF,24.9,LF
50640,Gilberto Soliz,RF,25.0,Atlanta Braves,Atlanta Braves,ML,60.95,60.11,52.6,52.6,51.55,65.11,,,1.0,2.4,1.0,WWOBA Park,True,,,,,,53.16,,54.22,52.6,RF,54.22,RF
46035,Mike Dunkel,RF,24.0,Mississippi Braves,Atlanta Braves,AA,41.57,47.02,43.11,48.84,51.24,36.58,,,0.31,0.0,-0.5,WWOBA Park,True,,,,43.92,,43.86,,44.33,43.11,RF,44.33,RF
139427,Jesus Angloma,RF,20.0,Rome Braves,Atlanta Braves,A,38.37,47.44,38.74,49.6,48.62,39.17,,,0.56,2.5,-3.5,WWOBA Park,True,,38.99,,,,40.73,,40.94,38.74,RF,40.94,RF
141285,Jeff Hartman,RF,20.0,Atlanta (FCL) Braves,Atlanta Braves,R,36.85,53.38,33.62,52.36,58.92,61.72,,,0.44,-3.0,0.0,WWOBA Park,True,,,,,,39.6,,40.85,33.62,RF,40.85,RF
140681,Rogelio Cecena,3B,22.0,Augusta GreenJackets,Atlanta Braves,A,37.11,42.07,39.23,47.11,47.51,34.59,,,0.38,-2.5,0.0,WWOBA Park,True,,39.58,,,,39.56,,40.83,39.23,RF,40.83,RF
143407,Juan Espinal,RF,20.0,Atlanta (FCL) Braves,Atlanta Braves,R,34.07,39.1,31.99,43.23,50.59,55.61,,,0.0,-3.0,-1.5,WWOBA Park,True,,,,,,36.77,,37.51,31.99,RF,37.51,RF
143099,Trent Akhurst,RF,20.0,Rome Braves,Atlanta Braves,A,36.03,47.03,34.87,48.85,49.92,32.09,,,0.19,2.5,-3.0,WWOBA Park,True,,,,,,36.45,,37.25,34.87,RF,37.25,RF
43028,Luis Arroyo,3B,21.0,Rome Braves,Atlanta Braves,A,35.68,42.59,31.99,43.36,49.31,52.56,,,0.0,0.0,0.0,WWOBA Park,True,,35.42,,,,35.98,,36.3,31.99,RF,36.3,RF
137904,Jesus Santana,C,20.0,Atlanta (DSL) Braves,Atlanta Braves,R,34.45,46.27,33.62,49.37,42.92,34.61,,,0.25,-3.0,1.5,WWOBA Park,True,,,,,,,,35.11,33.62,RF,35.11,RF
138202,Andres Samora,RF,21.0,Atlanta (DSL) Braves,Atlanta Braves,R,33.98,41.41,32.86,45.98,46.22,27.65,,,0.12,-3.0,1.0,WWOBA Park,True,,,,,,34.0,,34.69,32.86,RF,34.69,RF
139222,Santiago Bernal,LF,20.0,Rome Braves,Atlanta Braves,A,36.87,55.65,30.74,48.48,47.34,26.88,,,0.38,2.5,2.5,WWOBA Park,True,,,,,,32.74,,32.95,30.74,RF,32.95,RF
144517,Lazaro Atencio,CF,18.0,Atlanta Braves,Atlanta Braves,,33.57,48.53,25.87,48.73,47.34,41.19,,,0.62,0.0,0.5,WWOBA Park,True,,,,,,30.52,,30.72,25.87,RF,30.72,RF
141999,Julio Delgadillo,LF,21.0,Augusta GreenJackets,Atlanta Braves,A,32.88,38.14,25.87,39.37,45.97,36.07,,,0.0,0.0,0.0,WWOBA Park,True,,,,,,29.74,,30.06,25.87,RF,30.06,RF
135024,Jesus Espinoza,LF,21.0,Atlanta (DSL) Braves,Atlanta Braves,R,30.72,34.69,25.0,40.14,48.52,35.36,,,0.0,-3.0,-4.0,WWOBA Park,True,,,,,,29.12,,30.01,25.0,RF,30.01,RF
144400,Julio Vicencio,C,19.0,Atlanta (FCL) Braves,Atlanta Braves,R,32.75,42.91,25.87,45.36,43.22,35.59,,,0.0,0.0,0.0,WWOBA Park,True,,,,,,29.17,,29.71,25.87,RF,29.71,RF
139433,Abraham Madrid,3B,20.0,Atlanta (FCL) Braves,Atlanta Braves,R,31.86,43.4,26.12,48.77,42.86,35.28,,,0.5,-3.0,0.0,WWOBA Park,True,,,,,,,,29.55,26.12,RF,29.55,RF
138407,Rodolfo Mazariegos,LF,19.0,Atlanta (FCL) Braves,Atlanta Braves,R,32.04,45.33,23.25,47.23,44.84,33.79,,,-0.31,0.0,0.0,WWOBA Park,True,,,,,,27.14,,27.94,23.25,RF,27.94,RF
136400,Luis Ibarra,C,20.0,Atlanta (FCL) Braves,Atlanta Braves,R,30.87,37.9,24.37,43.86,45.05,25.62,,,0.0,-3.0,-1.0,WWOBA Park,True,,,,,,27.59,,27.6,24.37,RF,27.6,RF
134806,Daniel Villegas,C,20.0,Atlanta (DSL) Braves,Atlanta Braves,R,31.38,40.92,23.5,43.99,40.89,20.48,,,0.0,-3.0,2.5,WWOBA Park,True,,,,,,25.64,,25.97,23.5,RF,25.97,RF
142719,Tommy Murphy Jr.,C,19.0,Atlanta (DSL) Braves,Atlanta Braves,R,31.27,45.52,20.49,46.87,39.86,34.79,,,-0.25,0.0,0.5,WWOBA Park,True,,,,,,,,24.83,20.49,RF,24.83,RF
139161,Luis Perales,LF,20.0,Atlanta (DSL) Braves,Atlanta Braves,R,30.53,34.03,20.49,34.74,46.64,22.53,,,0.0,-3.0,0.5,WWOBA Park,True,,,,,,24.49,,24.74,20.49,RF,24.74,RF
136455,Nelson Tovar,CL,21.0,Rome Braves,Atlanta Braves,A,30.62,31.77,20.49,26.0,41.42,20.48,,,0.0,0.0,-1.0,WWOBA Park,True,,,,,,,,23.63,20.49,RF,23.63,RF
136805,Robbie Huston,SP,26.0,Atlanta Braves,Atlanta Braves,ML,64.3,63.19,,,,,56.05,64.65,1.9,2.0,2.0,WWOBA Park,True,,,,,,,,,,SP,57.77,SP
136446,Chris Oden,SP,26.0,Atlanta Braves,Atlanta Braves,ML,57.07,58.72,,,,,50.0,55.1,1.1,2.0,0.5,WWOBA Park,True,,,,,,,,,,SP,51.02,SP
134996,Ben Taylor,SP,32.0,Atlanta Braves,Atlanta Braves,ML,48.59,46.98,,,,,48.72,56.73,0.94,-3.0,1.0,WWOBA Park,True,,,,,,,,,,SP,50.32,SP
43981,Ben Mangogna,SP,33.0,Atlanta Braves,Atlanta Braves,ML,47.87,46.31,,,,,48.23,54.05,0.96,-3.0,1.5,WWOBA Park,True,,,,,,,,,,SP,49.4,SP
135367,Sang-don Kim,SP,26.0,Atlanta Braves,Atlanta Braves,ML,49.44,52.14,,,,,45.44,55.88,1.19,2.0,-1.0,WWOBA Park,True,,,,,,,,,,SP,47.53,SP
140936,Mike Nielsen,SP,22.0,Gwinnett Stripers,Atlanta Braves,AAA,51.5,53.34,,,,,45.44,49.07,1.12,2.5,1.0,WWOBA Park,True,,,,,,,,,,SP,46.17,SP
46037,Robbie Amsley,SP,24.0,Mississippi Braves,Atlanta Braves,AA,40.95,40.63,,,,,47.21,47.3,1.12,1.67,-4.0,WWOBA Park,True,,,,,,,,,,SP,44.73,SP
141379,Rob Miller,SP,19.0,Mississippi Braves,Atlanta Braves,AA,44.4,64.37,,,,,37.37,73.62,0.94,2.5,-1.5,WWOBA Park,True,,,,,,,,,,SP,44.62,SP
139552,David Barreras,SP,22.0,Atlanta Braves,Atlanta Braves,ML,52.23,63.09,,,,,40.42,61.02,0.67,2.5,3.5,WWOBA Park,True,,,,,,,,,,SP,44.54,SP
135744,Rogelio Celaya,RP,26.0,Atlanta Braves,Atlanta Braves,ML,40.91,39.98,,,,,50.49,50.42,1.0,2.0,0.0,WWOBA Park,True,,,,,,,,,,SP,40.48,SP
46316,Greg Strohl,SP,24.0,Gwinnett Stripers,Atlanta Braves,AAA,40.78,43.34,,,,,42.16,44.35,0.25,2.5,0.5,WWOBA Park,True,,,,,,,,,,SP,40.1,SP
138928,Pat Andrews,SP,22.0,Mississippi Braves,Atlanta Braves,AA,40.09,46.16,,,,,38.62,44.75,0.25,2.5,0.0,WWOBA Park,True,,,,,,,,,,SP,39.85,SP
143515,Jim Wojtach,SP,22.0,Augusta GreenJackets,Atlanta Braves,A,38.75,47.44,,,,,36.34,52.25,0.48,0.0,1.0,WWOBA Park,True,,,,,,,,,,SP,39.52,SP
139790,Jim Cobain,SP,22.0,Mississippi Braves,Atlanta Braves,AA,42.36,51.38,,,,,36.37,51.42,0.0,2.5,3.0,WWOBA Park,True,,,,,,,,,,SP,39.38,SP
43047,Joey Dorman,RP,27.0,Gwinnett Stripers,Atlanta Braves,AAA,38.82,38.73,,,,,42.9,49.27,0.92,0.0,1.0,WWOBA Park,True,,,,,,,,,,SP,39.18,SP
140041,Jeff Rusinko,SP,21.0,Rome Braves,Atlanta Braves,A,37.68,50.81,,,,,33.09,53.95,0.21,2.08,0.0,WWOBA Park,True,,,,,,,,,,SP,37.26,SP
140248,Jonathan Phillips,SP,21.0,Mississippi Braves,Atlanta Braves,AA,37.74,42.35,,,,,34.09,61.85,0.0,2.5,0.0,WWOBA Park,True,,,,,,,,,,SP,37.14,SP
47082,Menashe Ausubel,RP,24.0,Gwinnett Stripers,Atlanta Braves,AAA,38.19,38.56,,,,,46.44,60.03,1.1,2.5,0.0,WWOBA Park,True,,,,,,,,,,SP,36.66,SP
140105,Albert Aguilar,SP,21.0,Rome Braves,Atlanta Braves,A,36.84,53.91,,,,,31.32,54.0,0.33,2.08,0.0,WWOBA Park,True,,,,,,,,,,SP,35.86,SP
143378,Jesus Salcedo,SP,20.0,Augusta GreenJackets,Atlanta Braves,A,36.75,44.77,,,,,33.85,39.45,0.17,2.5,0.5,WWOBA Park,True,,,,,,,,,,SP,34.97,SP
142579,Dave Bessemer,SP,19.0,Gwinnett Stripers,Atlanta Braves,AAA,37.75,54.83,,,,,29.8,54.2,0.46,2.5,2.0,WWOBA Park,True,,,,,,,,,,SP,34.68,SP
145897,Edgar Montoya,SP,17.0,Atlanta Braves,Atlanta Braves,,34.67,51.87,,,,,29.04,55.52,0.5,0.0,-0.5,WWOBA Park,True,,,,,,,,,,SP,34.33,SP
145631,Jorge Rosales,SP,18.0,Atlanta Braves,Atlanta Braves,,34.91,53.22,,,,,31.09,46.93,0.56,0.0,0.0,WWOBA Park,True,,,,,,,,,,SP,34.25,SP
136491,Lazaro Alamillo,RP,21.0,Rome Braves,Atlanta Braves,A,36.15,43.67,,,,,31.55,69.5,0.42,2.08,0.5,WWOBA Park,True,,,,,,,,,,SP,34.14,SP
145739,Ferruccio Gotti,SP,17.0,Atlanta (DSL) Braves,Atlanta Braves,R,35.54,61.0,,,,,32.09,40.42,0.79,2.5,-1.0,WWOBA Park,True,,,,,,,,,,SP,33.75,SP
47883,Wilfredo Iruz,SP,20.0,Rome Braves,Atlanta Braves,A,35.54,43.6,,,,,30.8,44.52,0.0,2.5,0.0,WWOBA Park,True,,,,,,,,,,SP,33.55,SP
145436,David Pedraza,SP,19.0,Atlanta (FCL) Braves,Atlanta Braves,R,37.22,55.99,,,,,29.8,45.3,0.46,2.5,3.0,WWOBA Park,True,,,,,,,,,,SP,32.9,SP
141369,Nate McCauley,SP,20.0,Rome Braves,Atlanta Braves,A,36.18,50.03,,,,,31.8,62.25,0.29,2.5,1.5,WWOBA Park,True,,,,,,,,,,SP,32.89,SP
144705,Phil Trottman,RP,22.0,Augusta GreenJackets,Atlanta Braves,A,33.19,35.08,,,,,39.65,55.07,0.15,0.0,-2.0,WWOBA Park,True,,,,,,,,,,SP,32.73,SP
47160,Audreyous Hollenbeck,RP,24.0,Mississippi Braves,Atlanta Braves,AA,35.1,35.52,,,,,43.18,52.42,0.0,1.67,1.0,WWOBA Park,True,,,,,,,,,,SP,32.53,SP
145667,Alfredo Prieto,SP,17.0,Atlanta Braves,Atlanta Braves,,34.38,45.58,,,,,24.99,61.45,0.42,0.0,1.0,WWOBA Park,True,,,,,,,,,,SP,32.28,SP
140309,Bobby Dougherty,SP,21.0,Mississippi Braves,Atlanta Braves,AA,36.26,54.68,,,,,29.29,43.52,0.69,2.5,2.0,WWOBA Park,True,,,,,,,,,,SP,32.14,SP
142599,Joe Husband,SP,18.0,Gwinnett Stripers,Atlanta Braves,AAA,35.13,54.41,,,,,25.76,57.6,0.62,2.5,0.0,WWOBA Park,True,,,,,,,,,,SP,32.12,SP
144652,Pino Carrillo,SP,18.0,Atlanta (DSL) Braves,Atlanta Braves,R,34.93,47.18,,,,,28.04,47.98,0.33,2.5,0.0,WWOBA Park,True,,,,,,,,,,SP,32.02,SP
142280,Kevon Juniel,SP,20.0,Rome Braves,Atlanta Braves,A,34.1,41.73,,,,,30.81,36.75,0.08,2.5,-1.5,WWOBA Park,True,,,,,,,,,,SP,32.0,SP
147083,Jesus Rivas,SP,16.0,Atlanta Braves,Atlanta Braves,,33.72,57.25,,,,,25.76,52.85,1.02,0.0,0.0,WWOBA Park,True,,,,,,,,,,SP,31.18,SP
144408,Juan Talamantes,SP,19.0,Augusta GreenJackets,Atlanta Braves,A,35.03,54.35,,,,,29.57,36.1,0.69,2.5,1.0,WWOBA Park,True,,,,,,,,,,SP,30.88,SP
143741,Mike Nicholson,SP,19.0,Augusta GreenJackets,Atlanta Braves,A,33.18,43.45,,,,,24.99,51.85,0.0,2.5,-2.0,WWOBA Park,True,,,,,,,,,,SP,30.36,SP
147034,David Navarro,SP,16.0,Atlanta Braves,Atlanta Braves,,33.36,54.0,,,,,27.8,40.42,1.0,0.0,0.0,WWOBA Park,True,,,,,,,,,,SP,30.33,SP
142603,Mike Mock,RP,19.0,Gwinnett Stripers,Atlanta Braves,AAA,33.95,48.23,,,,,29.04,47.9,0.44,2.5,-0.5,WWOBA Park,True,,,,,,,,,,SP,30.31,SP
142053,Dantel Leal,SP,20.0,Augusta GreenJackets,Atlanta Braves,A,34.92,49.62,,,,,29.32,45.07,0.38,2.5,2.0,WWOBA Park,True,,,,,,,,,,SP,29.97,SP
143365,Juan Florez,RP,19.0,Augusta GreenJackets,Atlanta Braves,A,33.09,40.57,,,,,26.27,43.03,0.0,2.5,-1.5,WWOBA Park,True,,,,,,,,,,SP,29.62,SP
143064,Rogelio Maldonado,SP,20.0,Rome Braves,Atlanta Braves,A,34.11,46.72,,,,,27.52,37.9,0.5,2.5,0.5,WWOBA Park,True,,,,,,,,,,SP,29.6,SP
135962,Masayoshi Shintani,RP,22.0,Rome Braves,Atlanta Braves,A,33.65,36.85,,,,,29.52,42.1,0.0,0.0,2.5,WWOBA Park,True,,,,,,,,,,SP,29.54,SP
136416,Sergio Montalban,SP,20.0,Rome Braves,Atlanta Braves,A,33.75,40.24,,,,,29.29,29.2,0.0,2.5,0.5,WWOBA Park,True,,,,,,,,,,SP,29.27,SP
139094,Brad Tone,SP,22.0,Mississippi Braves,Atlanta Braves,AA,34.04,38.45,,,,,33.57,47.95,0.0,2.5,1.5,WWOBA Park,True,,,,,,,,,,SP,28.95,SP
141455,Eric Hubbard,SP,19.0,Rome Braves,Atlanta Braves,A,33.51,42.02,,,,,29.04,51.05,0.25,2.5,0.5,WWOBA Park,True,,,,,,,,,,SP,28.44,SP
145450,Domingo Rivera,SP,18.0,Atlanta (DSL) Braves,Atlanta Braves,R,34.21,45.33,,,,,21.99,53.7,0.0,2.5,2.5,WWOBA Park,True,,,,,,,,,,SP,28.33,SP
142333,Ramiro Luna,SP,20.0,Rome Braves,Atlanta Braves,A,32.38,41.85,,,,,23.99,44.85,0.0,2.5,-2.0,WWOBA Park,True,,,,,,,,,,SP,28.16,SP
142764,Rogelio Ramos,SP,16.0,Atlanta Braves,Atlanta Braves,,32.28,48.86,,,,,23.78,44.62,-0.1,0.0,0.5,WWOBA Park,True,,,,,,,,,,SP,27.95,SP
146646,Edgar Guerrero,SP,17.0,Atlanta (DSL) Braves,Atlanta Braves,R,32.96,52.93,,,,,23.76,44.6,-0.15,2.5,0.0,WWOBA Park,True,,,,,,,,,,SP,27.92,SP
141145,Jake Valenzuela,RP,23.0,Mississippi Braves,Atlanta Braves,AA,32.21,34.69,,,,,40.9,37.5,0.44,2.5,-2.5,WWOBA Park,True,,,,,,,,,,SP,27.72,SP
144352,Julio Plascencia,SP,19.0,Atlanta (FCL) Braves,Atlanta Braves,R,33.05,41.88,,,,,27.04,41.9,0.0,2.5,0.5,WWOBA Park,True,,,,,,,,,,SP,27.51,SP
144436,Alejandro Morales,RP,18.0,Atlanta Braves,Atlanta Braves,,32.78,41.89,,,,,26.76,42.05,0.48,0.0,2.0,WWOBA Park,True,,,,,,,,,,SP,27.32,SP
145810,Kasch Lietzke,SP,17.0,Atlanta (DSL) Braves,Atlanta Braves,R,32.74,41.05,,,,,22.2,47.1,0.0,2.5,0.0,WWOBA Park,True,,,,,,,,,,SP,27.18,SP
146821,Julio Lira,SP,17.0,Atlanta Braves,Atlanta Braves,,31.89,38.51,,,,,22.2,47.0,0.0,0.0,0.0,WWOBA Park,True,,,,,,,,,,SP,27.16,SP
145779,Juan Osorio,SP,17.0,Atlanta Braves,Atlanta Braves,,32.86,42.91,,,,,22.99,43.08,0.0,0.0,3.0,WWOBA Park,True,,,,,,,,,,SP,27.01,SP
139208,Alfredo Pelayo,SP,21.0,Augusta GreenJackets,Atlanta Braves,A,32.35,41.33,,,,,23.99,38.95,0.0,2.08,-0.5,WWOBA Park,True,,,,,,,,,,SP,26.98,SP
145622,Zhi-gang Ba,SP,18.0,Atlanta (DSL) Braves,Atlanta Braves,R,33.14,43.31,,,,,25.76,43.2,0.0,2.5,1.5,WWOBA Park,True,,,,,,,,,,SP,26.75,SP
143366,Humberto Osornio,SP,19.0,Atlanta (FCL) Braves,Atlanta Braves,R,32.47,39.42,,,,,25.27,43.55,0.0,2.5,0.0,WWOBA Park,True,,,,,,,,,,SP,26.43,SP
144645,Austin Brajak,SP,18.0,Atlanta (DSL) Braves,Atlanta Braves,R,32.74,52.95,,,,,28.8,41.38,0.85,2.5,0.0,WWOBA Park,True,,,,,,,,,,SP,26.32,SP
142725,Alfredo Leal,SP,18.0,Augusta GreenJackets,Atlanta Braves,A,32.77,43.07,,,,,22.99,39.3,0.0,2.5,1.0,WWOBA Park,True,,,,,,,,,,SP,26.25,SP
141392,Ken Jacoby,RP,20.0,Atlanta (FCL) Braves,Atlanta Braves,R,31.75,36.67,,,,,23.2,50.75,0.0,0.0,0.5,WWOBA Park,True,,,,,,,,,,SP,26.21,SP
142012,Gonçalvo Esposado,SP,18.0,Atlanta (DSL) Braves,Atlanta Braves,R,33.22,42.36,,,,,24.76,40.75,0.0,2.5,3.0,WWOBA Park,True,,,,,,,,,,SP,25.45,SP
147146,Faustino De Albreuin,SP,16.0,Atlanta Braves,Atlanta Braves,,31.41,40.97,,,,,21.99,38.48,-0.21,0.0,0.5,WWOBA Park,True,,,,,,,,,,SP,25.29,SP
141154,Eric Anderson,RP,21.0,Gwinnett Stripers,Atlanta Braves,AAA,32.28,38.06,,,,,37.14,39.35,0.79,2.5,0.0,WWOBA Park,True,,,,,,,,,,SP,25.08,SP
143540,Jake Griswold,SP,18.0,Augusta GreenJackets,Atlanta Braves,A,32.02,38.82,,,,,23.99,41.92,0.0,2.5,0.0,WWOBA Park,True,,,,,,,,,,SP,25.08,SP
47792,Luis Gallego,SP,21.0,Atlanta (FCL) Braves,Atlanta Braves,R,29.76,33.39,,,,,25.76,46.38,0.0,-3.0,-3.0,WWOBA Park,True,,,,,,,,,,SP,24.88,SP
143080,Juan Santana,RP,20.0,Augusta GreenJackets,Atlanta Braves,A,30.91,34.63,,,,,28.04,36.62,0.0,2.5,-3.5,WWOBA Park,True,,,,,,,,,,SP,24.75,SP
145655,Ismael Maldonado,SP,18.0,Atlanta (DSL) Braves,Atlanta Braves,R,32.5,38.84,,,,,21.99,34.5,0.0,2.5,2.0,WWOBA Park,True,,,,,,,,,,SP,24.49,SP
140312,Tim Benson,RP,21.0,Mississippi Braves,Atlanta Braves,AA,31.77,39.16,,,,,29.52,50.4,0.58,2.5,0.0,WWOBA Park,True,,,,,,,,,,SP,23.7,SP
144240,Nelson Alcon,RP,19.0,Atlanta (FCL) Braves,Atlanta Braves,R,31.56,35.61,,,,,22.99,38.43,0.0,2.5,0.0,WWOBA Park,True,,,,,,,,,,SP,23.58,SP
140060,Wyatt Juhan,RP,21.0,Rome Braves,Atlanta Braves,A,31.68,35.09,,,,,34.57,53.38,0.54,2.08,0.5,WWOBA Park,True,,,,,,,,,,SP,23.33,SP
141574,David Cotto,RP,21.0,Augusta GreenJackets,Atlanta Braves,A,31.27,35.39,,,,,27.76,41.35,0.0,2.08,0.0,WWOBA Park,True,,,,,,,,,,SP,22.98,SP
137858,Ian Cooper,RP,22.0,Mississippi Braves,Atlanta Braves,AA,31.37,37.62,,,,,34.85,50.4,0.46,2.5,-0.5,WWOBA Park,True,,,,,,,,,,SP,22.96,SP
147022,Daniel Abasta,SP,17.0,Atlanta (DSL) Braves,Atlanta Braves,R,30.76,37.39,,,,,20.2,45.08,0.0,2.5,-2.0,WWOBA Park,True,,,,,,,,,,SP,22.67,SP
144280,Jesus Estrada,SP,18.0,Atlanta (DSL) Braves,Atlanta Braves,R,30.73,34.48,,,,,21.99,37.3,0.0,2.5,-2.0,WWOBA Park,True,,,,,,,,,,SP,22.55,SP
146850,Franck van Weenen,SP,17.0,Atlanta Braves,Atlanta Braves,,31.05,35.61,,,,,20.2,43.05,0.0,0.0,2.0,WWOBA Park,True,,,,,,,,,,SP,22.27,SP
141423,Chris Fessler,SP,20.0,Atlanta (FCL) Braves,Atlanta Braves,R,29.71,31.27,,,,,23.99,44.75,0.0,0.0,-2.0,WWOBA Park,True,,,,,,,,,,SP,20.64,SP
47741,Juan Bucio,RP,19.0,Atlanta (FCL) Braves,Atlanta Braves,R,30.75,36.81,,,,,25.27,37.5,0.42,2.5,0.0,WWOBA Park,True,,,,,,,,,,SP,20.22,SP
147100,Ilusuarte Sarmento,RP,16.0,Atlanta Braves,Atlanta Braves,,30.03,33.03,,,,,23.2,45.5,0.0,0.0,0.0,WWOBA Park,True,,,,,,,,,,SP,20.16,SP
142006,Jesus Carvente,SP,21.0,Atlanta (FCL) Braves,Atlanta Braves,R,28.54,28.99,,,,,21.2,31.9,0.0,-3.0,-0.5,WWOBA Park,True,,,,,,,,,,SP,15.84,SP
143288,Andres Mendoza,RP,20.0,Atlanta (FCL) Braves,Atlanta Braves,R,28.63,31.3,,,,,23.99,40.95,0.0,0.0,-2.0,WWOBA Park,True,,,,,,,,,,SP,14.88,SP
145903,Nelson Meza,RP,17.0,Atlanta Braves,Atlanta Braves,,28.29,31.21,,,,,20.2,32.83,0.0,0.0,-2.0,WWOBA Park,True,,,,,,,,,,SP,12.72,SP
140005,Tyshawn St. Vil,SS,22.0,Gwinnett Stripers,Atlanta Braves,AAA,61.77,62.14,44.99,47.11,56.66,50.49,,,0.12,3.0,1.5,WWOBA Park,True,,45.96,51.74,52.56,55.05,46.79,51.31,47.21,44.99,SS,55.05,SS
42560,Tylor Buzzard,2B,27.0,Mississippi Braves,Atlanta Braves,AA,52.23,51.92,46.36,49.73,55.53,41.78,,,1.19,-3.0,-2.0,WWOBA Park,True,,46.59,52.71,50.32,55.02,46.58,,46.83,46.36,SS,55.02,SS
138598,Layton Ruttan,2B,23.0,Augusta GreenJackets,Atlanta Braves,A,58.0,59.21,39.46,43.46,55.31,70.66,,,0.0,-3.0,3.5,WWOBA Park,True,,42.48,51.38,48.33,54.95,43.83,,,39.46,SS,54.95,SS
47121,Dashawn Duhaney,SS,24.0,Mississippi Braves,Atlanta Braves,AA,55.91,56.8,41.12,43.49,60.87,38.51,,,0.0,0.0,-0.5,WWOBA Park,True,,43.08,50.6,52.5,54.18,42.4,,43.55,41.12,SS,54.18,SS
141894,Jesus Rojas,3B,21.0,Augusta GreenJackets,Atlanta Braves,A,60.84,63.93,35.86,49.48,63.27,53.45,,,0.69,0.0,4.0,WWOBA Park,True,,39.86,49.5,52.19,53.8,40.6,,41.48,35.86,SS,53.8,SS
141895,Andres Fuentes,SS,20.0,Augusta GreenJackets,Atlanta Braves,A,57.08,61.08,27.74,41.6,59.33,50.15,,,0.0,2.5,0.5,WWOBA Park,True,,31.78,45.96,44.81,51.63,,,33.22,27.74,SS,51.63,SS
140832,Jesus Prado,SS,21.0,Augusta GreenJackets,Atlanta Braves,A,47.88,55.72,29.87,46.48,53.41,36.55,,,0.31,0.0,2.0,WWOBA Park,True,,32.11,42.18,,46.55,33.53,,34.45,29.87,SS,46.55,SS
